{
  "window": "2019_2021",
  "num_clusters": 10,
  "cluster_details": {
    "33": [
      {
        "id": "A. Hassidim"
      },
      {
        "id": "Yossi Matias"
      },
      {
        "id": "Ariel Goldstein"
      },
      {
        "id": "Mariano Schain"
      },
      {
        "id": "Bobbi Aubrey"
      },
      {
        "id": "Samuel A. Nastase"
      },
      {
        "id": "Zaid Zada"
      },
      {
        "id": "Amir Feder"
      },
      {
        "id": "H. Gazula"
      },
      {
        "id": "Eliav Buchnik"
      },
      {
        "id": "W. Doyle"
      },
      {
        "id": "S. Devore"
      },
      {
        "id": "Patricia Dugan"
      },
      {
        "id": "Roi Reichart"
      },
      {
        "id": "O. Devinsky"
      },
      {
        "id": "A. Flinker"
      },
      {
        "id": "U. Hasson"
      },
      {
        "id": "K. Norman"
      },
      {
        "id": "D. Friedman"
      },
      {
        "id": "Michael P. Brenner"
      },
      {
        "id": "J. Sohn"
      },
      {
        "id": "A. Price"
      },
      {
        "id": "Dotan Emanuel"
      },
      {
        "id": "Alon Cohen"
      },
      {
        "id": "A. Jansen"
      },
      {
        "id": "Gina Choe"
      },
      {
        "id": "Aditi Rao"
      },
      {
        "id": "Catherine Kim"
      },
      {
        "id": "Colton Casto"
      },
      {
        "id": "Eyal Ben-David"
      },
      {
        "id": "Y. Chillakuru"
      },
      {
        "id": "Shourya Munjal"
      },
      {
        "id": "B. Laguna"
      },
      {
        "id": "Timothy L. Chen"
      },
      {
        "id": "Gunvant R. Chaudhari"
      },
      {
        "id": "Thienkhai Vu"
      },
      {
        "id": "Youngho Seo"
      },
      {
        "id": "J. Narvid"
      },
      {
        "id": "Entony Lekhtman"
      },
      {
        "id": "Yftah Ziser"
      },
      {
        "id": "Nadav Oved"
      },
      {
        "id": "A. Callen"
      },
      {
        "id": "S. Dupont"
      },
      {
        "id": "D. McCoy"
      },
      {
        "id": "Bao H. Do"
      },
      {
        "id": "J. Talbott"
      },
      {
        "id": "M. Kohli"
      },
      {
        "id": "Max Emerling"
      },
      {
        "id": "Y. Seo"
      },
      {
        "id": "Fanda Lora"
      },
      {
        "id": "Rotem Dror"
      },
      {
        "id": "Lotem Peled-Cohen"
      },
      {
        "id": "Segev Shlomov"
      },
      {
        "id": "Ateret Anaby-Tavor"
      },
      {
        "id": "Boaz Carmeli"
      },
      {
        "id": "Esther Goldbraich"
      },
      {
        "id": "Amir Kantor"
      },
      {
        "id": "George Kour"
      },
      {
        "id": "N. Tepper"
      },
      {
        "id": "Naama Zwerdling"
      }
    ],
    "37": [
      {
        "id": "Xin Wang"
      },
      {
        "id": "Junyi Jessy Li"
      },
      {
        "id": "C. Anderson"
      },
      {
        "id": "Pulkit Singh"
      },
      {
        "id": "C. Reeder"
      },
      {
        "id": "Emily S. Lau"
      },
      {
        "id": "S. Khurshid"
      },
      {
        "id": "P. Batra"
      },
      {
        "id": "S. Lubitz"
      },
      {
        "id": "A. Philippakis"
      },
      {
        "id": "P. Ellinor"
      },
      {
        "id": "Jennifer E. Ho"
      },
      {
        "id": "Wenwu Zhu"
      },
      {
        "id": "J. Cunningham"
      },
      {
        "id": "Yi Gao"
      },
      {
        "id": "Jeffrey M. Ashburner"
      },
      {
        "id": "S. Atlas"
      },
      {
        "id": "Lia X. Harrington"
      },
      {
        "id": "Gopal Sarma"
      },
      {
        "id": "Ashby C Turner"
      },
      {
        "id": "Julian S. Haimovich"
      },
      {
        "id": "M. Al-Alusi"
      },
      {
        "id": "M. Klarqvist"
      },
      {
        "id": "Christian Diedrich"
      },
      {
        "id": "M. Ghadessi"
      },
      {
        "id": "Hanna M. Eilken"
      },
      {
        "id": "Andrea Derix"
      },
      {
        "id": "Xia Sun"
      },
      {
        "id": "R. Sutcliffe"
      },
      {
        "id": "S. Guo"
      },
      {
        "id": "Jun Feng"
      },
      {
        "id": "Mustafa Mhamed"
      },
      {
        "id": "Eiad Almekhlafi"
      },
      {
        "id": "E. A. Retta"
      },
      {
        "id": "S. Friedman"
      },
      {
        "id": "P. Achille"
      },
      {
        "id": "N. Diamant"
      },
      {
        "id": "J. Mielke"
      },
      {
        "id": "A. McElhinney"
      },
      {
        "id": "Yudong Chen"
      },
      {
        "id": "Guohao Li"
      },
      {
        "id": "Pengyu Nie"
      },
      {
        "id": "Rishabh Rai"
      },
      {
        "id": "R. Mooney"
      },
      {
        "id": "Miloš Gligorić"
      }
    ],
    "71": [
      {
        "id": "Max Lübbering"
      },
      {
        "id": "R. Sifa"
      },
      {
        "id": "Rajkumar Ramamurthy"
      },
      {
        "id": "C. Bauckhage"
      },
      {
        "id": "D. Biesner"
      },
      {
        "id": "Robin Stenzel"
      },
      {
        "id": "L. Hillebrand"
      },
      {
        "id": "Anna Ladi"
      },
      {
        "id": "Maren Pielka"
      },
      {
        "id": "Rüdiger Loitz"
      },
      {
        "id": "Birgit Kirsch"
      },
      {
        "id": "Thiago Bell"
      },
      {
        "id": "Ulrich Nütten"
      },
      {
        "id": "Ulrich Warning"
      },
      {
        "id": "Benedikt Fürst"
      },
      {
        "id": "T. Khameneh"
      },
      {
        "id": "Daniel Thom"
      },
      {
        "id": "Ilgar Huseynov"
      },
      {
        "id": "Roland Kahlert"
      },
      {
        "id": "Jennifer Schlums"
      },
      {
        "id": "Hisham Ismail"
      },
      {
        "id": "Bernd Kliem"
      }
    ],
    "12": [
      {
        "id": "Sebastian Ruder"
      },
      {
        "id": "J. Yosinski"
      },
      {
        "id": "A. Kuncoro"
      },
      {
        "id": "Yue Zhang"
      },
      {
        "id": "Min-Yen Kan"
      },
      {
        "id": "Sebastian Gehrmann"
      },
      {
        "id": "Qizhe Xie"
      },
      {
        "id": "E. Hovy"
      },
      {
        "id": "Zihao Wang"
      },
      {
        "id": "Jascha Narain Sohl-Dickstein"
      },
      {
        "id": "Jing Zhang"
      },
      {
        "id": "Zihan Wang"
      },
      {
        "id": "Genta Indra Winata"
      },
      {
        "id": "Fiona Anting Tan"
      },
      {
        "id": "Niklas Muennighoff"
      },
      {
        "id": "Haifeng Chen"
      },
      {
        "id": "Samson Tan"
      },
      {
        "id": "Pierre Colombo"
      },
      {
        "id": "Ryan Teehan"
      },
      {
        "id": "Vikas Raunak"
      },
      {
        "id": "Thomas Scialom"
      },
      {
        "id": "Pascale Fung"
      },
      {
        "id": "Samuel Cahyawijaya"
      },
      {
        "id": "Bo Yang"
      },
      {
        "id": "V. Marivate"
      },
      {
        "id": "Haoran Wang"
      },
      {
        "id": "Jian Liu"
      },
      {
        "id": "Libo Qin"
      },
      {
        "id": "Wanxiang Che"
      },
      {
        "id": "Vaibhav Kumar"
      },
      {
        "id": "Ondrej Dusek"
      },
      {
        "id": "Abinaya Mahendiran"
      },
      {
        "id": "Chandan Singh"
      },
      {
        "id": "Tongshuang Sherry Wu"
      },
      {
        "id": "Jinho D. Choi"
      },
      {
        "id": "Rishabh Gupta"
      },
      {
        "id": "Xiaohong Li"
      },
      {
        "id": "M. Das"
      },
      {
        "id": "Bryan Wilie"
      },
      {
        "id": "A. Purwarianti"
      },
      {
        "id": "Marco Antonio Sobrevilla Cabezudo"
      },
      {
        "id": "Leyang Cui"
      },
      {
        "id": "Xujiang Zhao"
      },
      {
        "id": "Xuchao Zhang"
      },
      {
        "id": "Damien Sileo"
      },
      {
        "id": "M. Zhang"
      },
      {
        "id": "Xiangxiang Zeng"
      },
      {
        "id": "T. Sefara"
      },
      {
        "id": "Rahmad Mahendra"
      },
      {
        "id": "Karissa Vincentio"
      },
      {
        "id": "Kaustubh D. Dhole"
      },
      {
        "id": "S. Lee"
      },
      {
        "id": "Richard Plant"
      },
      {
        "id": "Zijie J. Wang"
      },
      {
        "id": "Liyan Xu"
      },
      {
        "id": "C. Brun"
      },
      {
        "id": "Gerard de Melo"
      },
      {
        "id": "Juan Diego Rodriguez"
      },
      {
        "id": "Zhiyang Teng"
      },
      {
        "id": "Varun Gangal"
      },
      {
        "id": "Aadesh Gupta"
      },
      {
        "id": "Zhenhao Li"
      },
      {
        "id": "Saad Mahamood"
      },
      {
        "id": "Simon Mille"
      },
      {
        "id": "Ashish Srivastava"
      },
      {
        "id": "Sajant Anand"
      },
      {
        "id": "Nagender Aneja"
      },
      {
        "id": "Rabin Banjade"
      },
      {
        "id": "Lisa Barthe"
      },
      {
        "id": "Hanna Behnke"
      },
      {
        "id": "Ian Berlot-Attwell"
      },
      {
        "id": "Connor Boyle"
      },
      {
        "id": "E. Chapuis"
      },
      {
        "id": "Mukund Choudhary"
      },
      {
        "id": "C. Clauss"
      },
      {
        "id": "Filip Cornell"
      },
      {
        "id": "Gautier Dagan"
      },
      {
        "id": "Tanay Dixit"
      },
      {
        "id": "Thomas Dopierre"
      },
      {
        "id": "Paul-Alexis Dray"
      },
      {
        "id": "Suchitra Dubey"
      },
      {
        "id": "Tatiana Ekeinhor"
      },
      {
        "id": "Marco Di Giovanni"
      },
      {
        "id": "Louanes Hamla"
      },
      {
        "id": "Sanghyun Han"
      },
      {
        "id": "Fabrice Harel-Canada"
      },
      {
        "id": "A. Honoré"
      },
      {
        "id": "Ishan Jindal"
      },
      {
        "id": "Przemyslaw K. Joniak"
      },
      {
        "id": "D. Kleyko"
      },
      {
        "id": "Venelin Kovatchev"
      },
      {
        "id": "Kalpesh Krishna"
      },
      {
        "id": "Ashutosh Kumar"
      },
      {
        "id": "Stefan Langer"
      },
      {
        "id": "Corey J. Levinson"
      },
      {
        "id": "H.-J. Liang"
      },
      {
        "id": "Kaizhao Liang"
      },
      {
        "id": "Zhexiong Liu"
      },
      {
        "id": "Andrey Lukyanenko"
      },
      {
        "id": "Simon Meoni"
      },
      {
        "id": "Maxime Meyer"
      },
      {
        "id": "Afnan Mir"
      },
      {
        "id": "N. Moosavi"
      },
      {
        "id": "Timothy Sum Hon Mun"
      },
      {
        "id": "Kenton W. Murray"
      },
      {
        "id": "Marcin Namysl"
      },
      {
        "id": "Maria Obedkova"
      },
      {
        "id": "Priti Oli"
      },
      {
        "id": "Nivranshu Pasricha"
      },
      {
        "id": "Jan Pfister"
      },
      {
        "id": "Vinay Uday Prabhu"
      },
      {
        "id": "V. Pais"
      },
      {
        "id": "Shahab Raji"
      },
      {
        "id": "P. Rajpoot"
      },
      {
        "id": "Roy Rinberg"
      },
      {
        "id": "N. Roberts"
      },
      {
        "id": "Claude Roux"
      },
      {
        "id": "S. VasconcellosP.H."
      },
      {
        "id": "Ananya B. Sai"
      },
      {
        "id": "Robin M. Schmidt"
      },
      {
        "id": "Saqib Nizam Shamsi"
      },
      {
        "id": "Xudong Shen"
      },
      {
        "id": "Haoyue Shi"
      },
      {
        "id": "Y. Shi"
      },
      {
        "id": "Anna Shvets"
      },
      {
        "id": "Nick Siegel"
      },
      {
        "id": "Jamie Simon"
      },
      {
        "id": "Roman Sitelew"
      },
      {
        "id": "P. Soni"
      },
      {
        "id": "Taylor Sorensen"
      },
      {
        "id": "William Soto Martinez"
      },
      {
        "id": "Aman Srivastava"
      },
      {
        "id": "KV Aditya Srivatsa"
      },
      {
        "id": "Tony Sun"
      },
      {
        "id": "T. MukundVarma"
      },
      {
        "id": "A. Tabassum"
      },
      {
        "id": "Monalisa Tiwari"
      },
      {
        "id": "M. Tolkiehn"
      },
      {
        "id": "Athena Wang"
      },
      {
        "id": "Zijian Wang"
      },
      {
        "id": "Gloria Xinyue Wang"
      },
      {
        "id": "Fuxuan Wei"
      },
      {
        "id": "Xinyi Wu"
      },
      {
        "id": "Witold Wydmański"
      },
      {
        "id": "Tianbao Xie"
      },
      {
        "id": "Usama Yaseen"
      },
      {
        "id": "M. Yee"
      },
      {
        "id": "Andrea Madotto"
      },
      {
        "id": "Zhaojiang Lin"
      },
      {
        "id": "Rosanne Liu"
      },
      {
        "id": "Bonggun Shin"
      },
      {
        "id": "Joyce Ho"
      },
      {
        "id": "Yunxiang Zhang"
      },
      {
        "id": "D. Tufiș"
      },
      {
        "id": "F. Chen"
      },
      {
        "id": "Cheshta Kwatra"
      },
      {
        "id": "K. Gupta"
      },
      {
        "id": "Ishitva Awasthi"
      },
      {
        "id": "Prabjot Singh Bhogal"
      },
      {
        "id": "Sahejpreet Singh Anand"
      },
      {
        "id": "K. Baxter"
      },
      {
        "id": "Araz Taeihagh"
      },
      {
        "id": "G. Bennett"
      },
      {
        "id": "Zhi Yuan Lim"
      },
      {
        "id": "Syafri Bahar"
      },
      {
        "id": "M. L. Khodra"
      },
      {
        "id": "Jianyuan Lin"
      },
      {
        "id": "Lianming Zhao"
      },
      {
        "id": "Xiangrong Liu"
      },
      {
        "id": "C. Gravier"
      },
      {
        "id": "Wilfried Logerais"
      },
      {
        "id": "Z. Teng"
      },
      {
        "id": "Sidik Soleman"
      },
      {
        "id": "Jamie Callan"
      },
      {
        "id": "ylfeng"
      },
      {
        "id": "Harshil Jain"
      },
      {
        "id": "Akshat Agarwal"
      },
      {
        "id": "K. Shridhar"
      },
      {
        "id": "J. Mackenzie"
      },
      {
        "id": "Zhuyun Dai"
      },
      {
        "id": "L. Gallagher"
      },
      {
        "id": "Mehdi Regina"
      },
      {
        "id": "S. Goutal"
      },
      {
        "id": "Hanmeng Liu"
      },
      {
        "id": "James D. Finch"
      },
      {
        "id": "A. Ahmadvand"
      },
      {
        "id": "Xiangjue Dong"
      },
      {
        "id": "Ruixiang Qi"
      },
      {
        "id": "Harshita Sahijwani"
      },
      {
        "id": "Sergey Volokhin"
      },
      {
        "id": "Zhihang Dong"
      },
      {
        "id": "Sicheng Song"
      },
      {
        "id": "Radu Ion"
      },
      {
        "id": "Xiaosheng Yu"
      }
    ],
    "14": [
      {
        "id": "Yacine Jernite"
      },
      {
        "id": "Yuan Cao"
      },
      {
        "id": "Alexander M. Rush"
      },
      {
        "id": "Victor Sanh"
      },
      {
        "id": "Lysandre Debut"
      },
      {
        "id": "Julien Chaumond"
      },
      {
        "id": "Thomas Wolf"
      },
      {
        "id": "Hendrik Strobelt"
      },
      {
        "id": "Orhan Firat"
      },
      {
        "id": "Nishant Subramani"
      },
      {
        "id": "Pedro Ortiz Suarez"
      },
      {
        "id": "Angelina McMillan-Major"
      },
      {
        "id": "Teven Le Scao"
      },
      {
        "id": "Stella Biderman"
      },
      {
        "id": "Pawan Sasanka Ammanamanchi"
      },
      {
        "id": "Benoît Sagot"
      },
      {
        "id": "Albert Villanova del Moral"
      },
      {
        "id": "Stas Bekman"
      },
      {
        "id": "Canwen Xu"
      },
      {
        "id": "Chris C. Emezue"
      },
      {
        "id": "Colin Leong"
      },
      {
        "id": "Mario vSavsko"
      },
      {
        "id": "Quentin Lhoest"
      },
      {
        "id": "Salomey Osei"
      },
      {
        "id": "Shamsuddeen Hassan Muhammad"
      },
      {
        "id": "Gunjan Chhablani"
      },
      {
        "id": "N. Patry"
      },
      {
        "id": "Patrick von Platen"
      },
      {
        "id": "Suraj Patil"
      },
      {
        "id": "Ahmed Baruwa"
      },
      {
        "id": "Israel Abebe Azime"
      },
      {
        "id": "Julia Kreutzer"
      },
      {
        "id": "Orevaoghene Ahia"
      },
      {
        "id": "Kyryl Truskovskyi"
      },
      {
        "id": "Laurent Romary"
      },
      {
        "id": "Coleman Hooper"
      },
      {
        "id": "Sneha Kudugunta"
      },
      {
        "id": "Djamé Seddah"
      },
      {
        "id": "Isabel Papadimitriou"
      },
      {
        "id": "Thierry Tambe"
      },
      {
        "id": "Tianyu Jia"
      },
      {
        "id": "P. Whatmough"
      },
      {
        "id": "D. Brooks"
      },
      {
        "id": "Gu-Yeon Wei"
      },
      {
        "id": "Louis Martin"
      },
      {
        "id": "Zirui Wang"
      },
      {
        "id": "Bhavitvya Malik"
      },
      {
        "id": "Bonaventure F. P. Dossou"
      },
      {
        "id": "Mathias Muller"
      },
      {
        "id": "Annette Rios Gonzales"
      },
      {
        "id": "Sweta Agrawal"
      },
      {
        "id": "Jade Z. Abbott"
      },
      {
        "id": "Andre Niyongabo Rubungo"
      },
      {
        "id": "Ankur Bapna"
      },
      {
        "id": "Julien Abadji"
      },
      {
        "id": "Kelechi Ogueji"
      },
      {
        "id": "A. Thakur"
      },
      {
        "id": "Mariama Drame"
      },
      {
        "id": "J. Plu"
      },
      {
        "id": "Lewis Tunstall"
      },
      {
        "id": "Joe Davison"
      },
      {
        "id": "Simon Brandeis"
      },
      {
        "id": "Philipp Schmid"
      },
      {
        "id": "Sylvain Gugger"
      },
      {
        "id": "Clement Delangue"
      },
      {
        "id": "Th'eo Matussiere"
      },
      {
        "id": "Pierric Cistac"
      },
      {
        "id": "Thibault Goehringer"
      },
      {
        "id": "Victor Mustar"
      },
      {
        "id": "François Lagunas"
      },
      {
        "id": "Sam Shleifer"
      },
      {
        "id": "Isaac Caswell"
      },
      {
        "id": "Lisa Wang"
      },
      {
        "id": "Ahsan Wahab"
      },
      {
        "id": "D. Esch"
      },
      {
        "id": "Nasanbayar Ulzii-Orshikh"
      },
      {
        "id": "A. Tapo"
      },
      {
        "id": "Artem Sokolov"
      },
      {
        "id": "Claytone Sikasote"
      },
      {
        "id": "Monang Setyawan"
      },
      {
        "id": "Supheakmungkol Sarin"
      },
      {
        "id": "Sokhar Samb"
      },
      {
        "id": "B. Sagot"
      },
      {
        "id": "Clara Rivera"
      },
      {
        "id": "Iroro Orife"
      },
      {
        "id": "Toan Q. Nguyen"
      },
      {
        "id": "A. Muller"
      },
      {
        "id": "N. Muhammad"
      },
      {
        "id": "Ayanda Mnyakeni"
      },
      {
        "id": "Jamshidbek Mirzakhalov"
      },
      {
        "id": "Tapiwanashe Matangira"
      },
      {
        "id": "Nze Lawson"
      },
      {
        "id": "M. Jenny"
      },
      {
        "id": "Sakhile Dlamini"
      },
      {
        "id": "Nisansa de Silva"
      },
      {
        "id": "Sakine cCabuk Balli"
      },
      {
        "id": "A. Battisti"
      },
      {
        "id": "P. Baljekar"
      },
      {
        "id": "Ayodele Awokoya"
      },
      {
        "id": "Duygu Ataman"
      },
      {
        "id": "Oghenefego Ahia"
      },
      {
        "id": "Mofetoluwa Adeyemi"
      },
      {
        "id": "P. Azunre"
      },
      {
        "id": "S. Addo"
      },
      {
        "id": "Lawrence Asamoah Adu-Gyamfi"
      },
      {
        "id": "Stephen E. Moore"
      },
      {
        "id": "Bernard Adabankah"
      },
      {
        "id": "Bernard Opoku"
      },
      {
        "id": "Clara Asare-Nyarko"
      },
      {
        "id": "S. Nyarko"
      },
      {
        "id": "Cynthia Amoaba"
      },
      {
        "id": "Esther Dansoa Appiah"
      },
      {
        "id": "Felix Akwerh"
      },
      {
        "id": "Richard Nii Lante Lawson"
      },
      {
        "id": "Joel Budu"
      },
      {
        "id": "E. Debrah"
      },
      {
        "id": "N. Boateng"
      },
      {
        "id": "Wisdom Ofori"
      },
      {
        "id": "Edwin Buabeng-Munkoh"
      },
      {
        "id": "F. Adjei"
      },
      {
        "id": "Isaac. K. E. Ampomah"
      },
      {
        "id": "Joseph Otoo."
      },
      {
        "id": "R. Borkor"
      },
      {
        "id": "Standylove Birago Mensah"
      },
      {
        "id": "Lucien Mensah"
      },
      {
        "id": "Mark Amoako Marcel"
      },
      {
        "id": "A. A. Amponsah"
      },
      {
        "id": "J. B. Hayfron-Acquah"
      },
      {
        "id": "Theresa Breiner"
      },
      {
        "id": "Lillian Pentecost"
      },
      {
        "id": "En-Yu Yang"
      },
      {
        "id": "M. Donato"
      },
      {
        "id": "Alexandre Matton"
      },
      {
        "id": "Malcolm Greaves"
      },
      {
        "id": "Adrian Lam"
      },
      {
        "id": "Hong Qu"
      },
      {
        "id": "Li Huang"
      },
      {
        "id": "Melonie de Almeida"
      },
      {
        "id": "Chamodi Samarawickrama"
      },
      {
        "id": "Gathika Ratnayaka"
      },
      {
        "id": "A. Perera"
      },
      {
        "id": "Vukosi Marivate"
      },
      {
        "id": "Vongani Chabalala"
      },
      {
        "id": "Keamogetswe Makhaya"
      },
      {
        "id": "T. Mokgonyane"
      },
      {
        "id": "Rethabile Mokoena"
      },
      {
        "id": "Abiodun Modupe"
      },
      {
        "id": "Benjamin Muller"
      },
      {
        "id": "Blessing K. Sibanda"
      },
      {
        "id": "Daniel Whitenack"
      },
      {
        "id": "Kathleen Siminyu"
      },
      {
        "id": "L. Martinus"
      },
      {
        "id": "Jamiil Toure Ali"
      },
      {
        "id": "Salomon Kabongo KABENAMUALU"
      },
      {
        "id": "Musie Meressa"
      },
      {
        "id": "Espoir Murhabazi"
      },
      {
        "id": "Elan Van Biljon"
      },
      {
        "id": "A. Ramkilowan"
      },
      {
        "id": "Adewale Akinfaderin"
      },
      {
        "id": "A. Oktem"
      },
      {
        "id": "Wole Akin"
      },
      {
        "id": "Ghollah Kioko"
      },
      {
        "id": "Kevin Degila"
      },
      {
        "id": "H. Kamper"
      },
      {
        "id": "Abdallah Bashir"
      },
      {
        "id": "Yoann Dupont"
      },
      {
        "id": "L. Romary"
      },
      {
        "id": "Anthony Moi"
      },
      {
        "id": "Tim Rault"
      },
      {
        "id": "Rémi Louf"
      },
      {
        "id": "Morgan Funtowicz"
      },
      {
        "id": "Clara Ma"
      },
      {
        "id": "Sergey Golovanov"
      },
      {
        "id": "Rauf Kurbanov"
      },
      {
        "id": "S. Nikolenko"
      },
      {
        "id": "Alexander Tselousov"
      },
      {
        "id": "Eric Villemonte de la Clergerie"
      }
    ],
    "16": [
      {
        "id": "Bo Wang"
      },
      {
        "id": "John Giorgi"
      },
      {
        "id": "Sally L. Baxter"
      },
      {
        "id": "Shu Zhang"
      },
      {
        "id": "Rui Hou"
      },
      {
        "id": "Zeshui Xu"
      },
      {
        "id": "Ling Li"
      },
      {
        "id": "Jing Li"
      },
      {
        "id": "Ali Jannesari"
      },
      {
        "id": "Duc-Vu Nguyen"
      },
      {
        "id": "Kiet Van Nguyen"
      },
      {
        "id": "Phong Nguyen-Thuan Do"
      },
      {
        "id": "N. D. Nguyen"
      },
      {
        "id": "A. Nguyen"
      },
      {
        "id": "N. Nguyen"
      },
      {
        "id": "D. Hao"
      },
      {
        "id": "Bei Wang"
      },
      {
        "id": "L. Qian"
      },
      {
        "id": "C. Zheng"
      },
      {
        "id": "Benjamin C. Sun"
      },
      {
        "id": "Yi-Lin Wu"
      },
      {
        "id": "M. Ferencik"
      },
      {
        "id": "Ming-Sum Lee"
      },
      {
        "id": "R. Redberg"
      },
      {
        "id": "A. Kawatkar"
      },
      {
        "id": "V. Musigdilok"
      },
      {
        "id": "A. Sharp"
      },
      {
        "id": "Jie Xu"
      },
      {
        "id": "F. Xie"
      },
      {
        "id": "Chun-Nan Hsu"
      },
      {
        "id": "T. Huynh"
      },
      {
        "id": "Wenjia Cai"
      },
      {
        "id": "Xindi Wang"
      },
      {
        "id": "Xunjie Gou"
      },
      {
        "id": "Khoa Thi-Kim Phan"
      },
      {
        "id": "D. Thin"
      },
      {
        "id": "Jiaqi Yu"
      },
      {
        "id": "Yongwei Nie"
      },
      {
        "id": "Chengjiang Long"
      },
      {
        "id": "Wenju Xu"
      },
      {
        "id": "Qing Zhang"
      },
      {
        "id": "Guiqing Li"
      },
      {
        "id": "H. To"
      },
      {
        "id": "Linh-Bao Vo"
      },
      {
        "id": "Ngoc Linh Tran"
      },
      {
        "id": "H. Phan"
      },
      {
        "id": "Arushi Sharma"
      },
      {
        "id": "Hongchan Li"
      },
      {
        "id": "Yu Ma"
      },
      {
        "id": "Zishuai Ma"
      },
      {
        "id": "Haodong Zhu"
      },
      {
        "id": "Xuan Qin"
      },
      {
        "id": "Jiali Liu"
      },
      {
        "id": "Yuning Wang"
      },
      {
        "id": "Yan-mei Liu"
      },
      {
        "id": "K. Deng"
      },
      {
        "id": "K. Zou"
      },
      {
        "id": "Xin Sun"
      },
      {
        "id": "Xiaoting Guo"
      },
      {
        "id": "Wei Yu"
      },
      {
        "id": "Xiaodong Wang"
      },
      {
        "id": "Yuanhang Zheng"
      },
      {
        "id": "Xinxin Wang"
      },
      {
        "id": "Bei Zhu"
      },
      {
        "id": "Rongbin Gu"
      },
      {
        "id": "Liang-liang Wang"
      },
      {
        "id": "Botambu Collins"
      },
      {
        "id": "Dinh Tuyen Hoang"
      },
      {
        "id": "Dosam Hwang"
      },
      {
        "id": "Gen Li"
      },
      {
        "id": "Qiusheng Zheng"
      },
      {
        "id": "Long Zhang"
      },
      {
        "id": "Suzhou Guo"
      },
      {
        "id": "Liyue Niu"
      },
      {
        "id": "Huy D. Huynh"
      },
      {
        "id": "Hang T. Do"
      },
      {
        "id": "O. Nitski"
      },
      {
        "id": "Gary D Bader"
      },
      {
        "id": "Van Cuong Tran"
      },
      {
        "id": "Q. Lam"
      },
      {
        "id": "Q. Le"
      },
      {
        "id": "E. Shen"
      },
      {
        "id": "S. Natsui"
      },
      {
        "id": "Wansu Chen"
      },
      {
        "id": "C. Mercado"
      },
      {
        "id": "L. Sy"
      },
      {
        "id": "Sungching C. Glenn"
      },
      {
        "id": "H. Tseng"
      },
      {
        "id": "Gina S. Lee"
      },
      {
        "id": "J. Duffy"
      },
      {
        "id": "M. McNeil"
      },
      {
        "id": "M. Daley"
      },
      {
        "id": "B. Crane"
      },
      {
        "id": "H. McLean"
      },
      {
        "id": "L. Jackson"
      },
      {
        "id": "S. Jacobsen"
      },
      {
        "id": "Nicola Sahar"
      },
      {
        "id": "W. Shin"
      },
      {
        "id": "Vong Anh Ho"
      },
      {
        "id": "Duong Nguyen"
      },
      {
        "id": "D. H. Nguyen"
      },
      {
        "id": "L. T. Pham"
      },
      {
        "id": "Huiying Liang"
      },
      {
        "id": "B. Tsui"
      },
      {
        "id": "H. Ni"
      },
      {
        "id": "C. Valentim"
      },
      {
        "id": "Guangjian Liu"
      },
      {
        "id": "Daniel S. Kermany"
      },
      {
        "id": "Jiancong Chen"
      },
      {
        "id": "Liya He"
      },
      {
        "id": "Jie Zhu"
      },
      {
        "id": "Pin Tian"
      },
      {
        "id": "Hua Shao"
      },
      {
        "id": "Lianghong Zheng"
      },
      {
        "id": "Sierra Hewett"
      },
      {
        "id": "P. Liang"
      },
      {
        "id": "Xuan Zang"
      },
      {
        "id": "Zhiqi Zhang"
      },
      {
        "id": "Liyan Pan"
      },
      {
        "id": "Huimin Cai"
      },
      {
        "id": "Rujuan Ling"
      },
      {
        "id": "Shuhua Li"
      },
      {
        "id": "Yongwang Cui"
      },
      {
        "id": "Shusheng Tang"
      },
      {
        "id": "Hong Ye"
      },
      {
        "id": "Xiaoyan Huang"
      },
      {
        "id": "Waner He"
      },
      {
        "id": "Wenqing Liang"
      },
      {
        "id": "Jianmin Jiang"
      },
      {
        "id": "Jianqun Gao"
      },
      {
        "id": "Wanxing Ou"
      },
      {
        "id": "Ying Deng"
      },
      {
        "id": "Qiaozhen Hou"
      },
      {
        "id": "Cuichan Yao"
      },
      {
        "id": "Yan Liang"
      },
      {
        "id": "Yaou Duan"
      },
      {
        "id": "Runze Zhang"
      },
      {
        "id": "Sarah Gibson"
      },
      {
        "id": "Charlotte L. Zhang"
      },
      {
        "id": "Oulan Li"
      },
      {
        "id": "Edward Zhang"
      },
      {
        "id": "Gabriel Karin"
      },
      {
        "id": "Xiaokang Wu"
      },
      {
        "id": "Cindy Wen"
      },
      {
        "id": "Wenqin Xu"
      },
      {
        "id": "Winston Wang"
      },
      {
        "id": "B. Pizzato"
      },
      {
        "id": "Caroline Bao"
      },
      {
        "id": "Daoman Xiang"
      },
      {
        "id": "Wanting He"
      },
      {
        "id": "Suiqin He"
      },
      {
        "id": "Yugui Zhou"
      },
      {
        "id": "W. Haw"
      },
      {
        "id": "M. Goldbaum"
      },
      {
        "id": "A. Tremoulet"
      },
      {
        "id": "H. Carter"
      },
      {
        "id": "Long Zhu"
      },
      {
        "id": "Kang Zhang"
      },
      {
        "id": "H. Xia"
      },
      {
        "id": "T. Dang"
      },
      {
        "id": "Nguyễn Văn Kiệt"
      },
      {
        "id": "Nguyen Thuy Ngan"
      }
    ],
    "55": [
      {
        "id": "Eftim Zdravevski"
      },
      {
        "id": "L. Marcos-Zambrano"
      },
      {
        "id": "Kanita Karaduzovic-Hadziabdic"
      },
      {
        "id": "Tatjana Loncar Turukalo"
      },
      {
        "id": "Piotr Przymus"
      },
      {
        "id": "V. Trajkovik"
      },
      {
        "id": "O. Aasmets"
      },
      {
        "id": "M. Berland"
      },
      {
        "id": "A. Gruca"
      },
      {
        "id": "Jasminka Hasic"
      },
      {
        "id": "K. Hron"
      },
      {
        "id": "Thomas Klammsteiner"
      },
      {
        "id": "M. Kolev"
      },
      {
        "id": "L. Lahti"
      },
      {
        "id": "M. Lopes"
      },
      {
        "id": "V. Moreno"
      },
      {
        "id": "Irina Naskinova"
      },
      {
        "id": "E. Org"
      },
      {
        "id": "I. Paciência"
      },
      {
        "id": "G. Papoutsoglou"
      },
      {
        "id": "Rajesh Shigdel"
      },
      {
        "id": "B. Stres"
      },
      {
        "id": "B. Vilne"
      },
      {
        "id": "M. Yousef"
      },
      {
        "id": "Ioannis Tsamarindos"
      },
      {
        "id": "Enrique Carrillo de Santa Pau"
      },
      {
        "id": "M. Claesson"
      },
      {
        "id": "I. Moreno-Indias"
      },
      {
        "id": "J. Truu"
      }
    ],
    "24": [
      {
        "id": "Lukasz Kaiser"
      },
      {
        "id": "Alec Radford"
      },
      {
        "id": "Jeff Wu"
      },
      {
        "id": "R. Child"
      },
      {
        "id": "D. Luan"
      },
      {
        "id": "Dario Amodei"
      },
      {
        "id": "I. Sutskever"
      },
      {
        "id": "Tom B. Brown"
      },
      {
        "id": "Benjamin Mann"
      },
      {
        "id": "Nick Ryder"
      },
      {
        "id": "Melanie Subbiah"
      },
      {
        "id": "J. Kaplan"
      },
      {
        "id": "Prafulla Dhariwal"
      },
      {
        "id": "Arvind Neelakantan"
      },
      {
        "id": "Pranav Shyam"
      },
      {
        "id": "Girish Sastry"
      },
      {
        "id": "Amanda Askell"
      },
      {
        "id": "Sandhini Agarwal"
      },
      {
        "id": "Ariel Herbert-Voss"
      },
      {
        "id": "Gretchen Krueger"
      },
      {
        "id": "T. Henighan"
      },
      {
        "id": "A. Ramesh"
      },
      {
        "id": "Daniel M. Ziegler"
      },
      {
        "id": "Clemens Winter"
      },
      {
        "id": "Christopher Hesse"
      },
      {
        "id": "Mark Chen"
      },
      {
        "id": "Eric Sigler"
      },
      {
        "id": "Ma-teusz Litwin"
      },
      {
        "id": "Scott Gray"
      },
      {
        "id": "Benjamin Chess"
      },
      {
        "id": "Jack Clark"
      },
      {
        "id": "Christopher Berner"
      },
      {
        "id": "Sam McCandlish"
      },
      {
        "id": "Elizabeth Barnes"
      },
      {
        "id": "S. Kreps"
      },
      {
        "id": "Miles McCain"
      },
      {
        "id": "Miles Brundage"
      },
      {
        "id": "Nisan Stiennon"
      },
      {
        "id": "Paul Christiano"
      },
      {
        "id": "G. Irving"
      },
      {
        "id": "M. Shoeybi"
      },
      {
        "id": "M. Patwary"
      },
      {
        "id": "Raul Puri"
      },
      {
        "id": "P. LeGresley"
      },
      {
        "id": "J. Casper"
      },
      {
        "id": "Bryan Catanzaro"
      },
      {
        "id": "Irene Solaiman"
      },
      {
        "id": "Jasmine Wang"
      },
      {
        "id": "Heewoo Jun"
      },
      {
        "id": "Alex Ray"
      },
      {
        "id": "Wojciech Zaremba"
      },
      {
        "id": "Pamela Mishkin"
      },
      {
        "id": "P. Welinder"
      },
      {
        "id": "Jan Leike"
      },
      {
        "id": "Jerry Tworek"
      },
      {
        "id": "Qiming Yuan"
      },
      {
        "id": "Henrique Pondé"
      },
      {
        "id": "Jared Kaplan"
      },
      {
        "id": "Harrison Edwards"
      },
      {
        "id": "Yura Burda"
      },
      {
        "id": "Nicholas Joseph"
      },
      {
        "id": "Greg Brockman"
      },
      {
        "id": "Michael Petrov"
      },
      {
        "id": "Heidy Khlaaf"
      },
      {
        "id": "Brooke Chan"
      },
      {
        "id": "Mikhail Pavlov"
      },
      {
        "id": "Alethea Power"
      },
      {
        "id": "Mo Bavarian"
      },
      {
        "id": "Phil Tillet"
      },
      {
        "id": "F. Such"
      },
      {
        "id": "D. Cummings"
      },
      {
        "id": "Matthias Plappert"
      },
      {
        "id": "Fotios Chantzis"
      },
      {
        "id": "William H. Guss"
      },
      {
        "id": "Alex Nichol"
      },
      {
        "id": "Igor Babuschkin"
      },
      {
        "id": "S. Balaji"
      },
      {
        "id": "Shantanu Jain"
      },
      {
        "id": "A. Carr"
      },
      {
        "id": "Josh Achiam"
      },
      {
        "id": "Vedant Misra"
      },
      {
        "id": "Evan Morikawa"
      },
      {
        "id": "M. Knight"
      },
      {
        "id": "Mira Murati"
      },
      {
        "id": "Katie Mayer"
      },
      {
        "id": "Bob McGrew"
      },
      {
        "id": "Jong Wook Kim"
      },
      {
        "id": "Chris Hallacy"
      },
      {
        "id": "Gabriel Goh"
      },
      {
        "id": "Beakcheol Jang"
      },
      {
        "id": "E. Kasthuri"
      },
      {
        "id": "Dr. S. Balaji"
      },
      {
        "id": "Myeonghwi Kim"
      },
      {
        "id": "Gaspard Harerimana"
      },
      {
        "id": "SangUk Kang"
      },
      {
        "id": "Brandon Houghton"
      },
      {
        "id": "Nicholay Topin"
      },
      {
        "id": "Phillip Wang"
      },
      {
        "id": "Cayden R. Codel"
      },
      {
        "id": "M. Veloso"
      }
    ],
    "28": [
      {
        "id": "Jonathan Allen Dr"
      },
      {
        "id": "Allen"
      },
      {
        "id": "Dr Perrault"
      },
      {
        "id": "Vladimlr D Arakin"
      },
      {
        "id": "Nikolaj A Baskakov"
      },
      {
        "id": "Trofim A Bertagaev"
      },
      {
        "id": "Nikolaj S Cemodanov"
      },
      {
        "id": "Yunus D Deserlev"
      },
      {
        "id": "Nlnel Z Gadzleva"
      },
      {
        "id": "M. M. Guxman"
      },
      {
        "id": "Georgij A Kllmov"
      },
      {
        "id": "Renat G Rotov"
      },
      {
        "id": "G. V. Kolsanskij"
      },
      {
        "id": "Muxmed A K x w"
      },
      {
        "id": "Mara E Majtinskaga"
      },
      {
        "id": "SeLgej A Mironov"
      },
      {
        "id": "Kenesbaj M Musaev"
      },
      {
        "id": "Vera S Fastorgueva"
      },
      {
        "id": "Natalja F Pl"
      },
      {
        "id": "usareva Aleksandr"
      },
      {
        "id": "Dm S v e j t s e r"
      },
      {
        "id": "Edgem R l k n i s e v"
      },
      {
        "id": "Oleg N Trubacev"
      },
      {
        "id": "Said M kajdakov"
      },
      {
        "id": "Jgor' F Vardul"
      },
      {
        "id": "Toronto Canada"
      },
      {
        "id": "DE We"
      },
      {
        "id": "Bakker Mathematisch"
      },
      {
        "id": "Centrum The Nether1 ands"
      },
      {
        "id": "MR Paul Baran"
      },
      {
        "id": "Cabledata Associated"
      },
      {
        "id": "PROF. F. P Brooks"
      },
      {
        "id": "F. North"
      },
      {
        "id": "Prof M.A Gavrilov"
      },
      {
        "id": "DR J Hatvany"
      },
      {
        "id": "Hungarian Academy o f Sciences"
      },
      {
        "id": "N. .. H. Uni"
      },
      {
        "id": "versi t y o f Toronto Canada"
      },
      {
        "id": "Royal York Hotel"
      },
      {
        "id": "Toronto August"
      },
      {
        "id": "Acm Szgact"
      },
      {
        "id": "Sigsam Program"
      },
      {
        "id": "Shmuel Wlnograd"
      },
      {
        "id": "Stephen W Miller"
      },
      {
        "id": "Stanford Research Institute"
      },
      {
        "id": "George Kenny North"
      },
      {
        "id": "American Philips"
      },
      {
        "id": "Richard S Hall"
      },
      {
        "id": "Martin Marietta"
      },
      {
        "id": "S. Application"
      },
      {
        "id": "J. Shemer"
      },
      {
        "id": "David Cronshaw"
      },
      {
        "id": "David H. Hartke"
      },
      {
        "id": "Richard Keddy"
      },
      {
        "id": "Warren Sterling"
      },
      {
        "id": "Bill Turner"
      },
      {
        "id": "Xerox Corporation"
      },
      {
        "id": "M. Hadjioannou"
      },
      {
        "id": "R. Muntz"
      },
      {
        "id": "G. C. P. E. Margaret T Fischer Consultant"
      },
      {
        "id": "Audrey N Grosch"
      },
      {
        "id": "Frank Slater"
      },
      {
        "id": "Joe Ann"
      },
      {
        "id": "David Batty"
      },
      {
        "id": "Marilyn C Bracken"
      },
      {
        "id": "Manfred Kvchen"
      },
      {
        "id": "Samuel B Beatty"
      },
      {
        "id": "Committee Anthony"
      },
      {
        "id": "Ralston Suny"
      },
      {
        "id": "Buffalo"
      },
      {
        "id": "Sam Conte"
      },
      {
        "id": "Patrick Fischer"
      },
      {
        "id": "George Glaser"
      },
      {
        "id": "Gerard Salton"
      },
      {
        "id": "Jean Sarnmet"
      },
      {
        "id": "Frank E Heart B o l t Beranek"
      },
      {
        "id": "Newman Inc"
      },
      {
        "id": "Jay-Louise Weldon"
      },
      {
        "id": "J. L. Baer"
      }
    ],
    "29": [
      {
        "id": "Jeremy Gore"
      },
      {
        "id": "E. Sanford"
      },
      {
        "id": "M. Bainbridge"
      },
      {
        "id": "S. Kingsmore"
      },
      {
        "id": "Yan Ding"
      },
      {
        "id": "J. Ryu"
      },
      {
        "id": "H. Chung"
      },
      {
        "id": "K. Choi"
      },
      {
        "id": "A. Zimolzak"
      },
      {
        "id": "C. Pearce"
      },
      {
        "id": "A. McLeod"
      },
      {
        "id": "J. Patrick"
      },
      {
        "id": "Jason Ferrigi"
      },
      {
        "id": "Natalie E. Rinehart"
      },
      {
        "id": "Anna Fragkoudi"
      },
      {
        "id": "Ismail Duru"
      },
      {
        "id": "Ayse Saliha Sunar"
      },
      {
        "id": "S. White"
      },
      {
        "id": "B. Diri"
      },
      {
        "id": "Gulustan Dogan"
      },
      {
        "id": "Michelle M. Clark"
      },
      {
        "id": "Amber Hildreth"
      },
      {
        "id": "Serge Batalov"
      },
      {
        "id": "S. Chowdhury"
      },
      {
        "id": "K. Watkins"
      },
      {
        "id": "Katarzyna A Ellsworth"
      },
      {
        "id": "Brandon Camp"
      },
      {
        "id": "C. Kint"
      },
      {
        "id": "C. Yacoubian"
      },
      {
        "id": "L. Farnaes"
      },
      {
        "id": "Curtis Beebe"
      },
      {
        "id": "Joshua J. A. Braun"
      },
      {
        "id": "Margaret Bray"
      },
      {
        "id": "Jeanne Carroll"
      },
      {
        "id": "Julie A. Cakici"
      },
      {
        "id": "Sara A. Caylor"
      },
      {
        "id": "C. Clarke"
      },
      {
        "id": "Mitchell P. Creed"
      },
      {
        "id": "J. Friedman"
      },
      {
        "id": "A. Frith"
      },
      {
        "id": "Richard Gain"
      },
      {
        "id": "Mary Gaughran"
      },
      {
        "id": "Shauna George"
      },
      {
        "id": "S. Gilmer"
      },
      {
        "id": "J. Gleeson"
      },
      {
        "id": "Haiying Grunenwald"
      },
      {
        "id": "Raymond L Hovey"
      },
      {
        "id": "Marie L Janes"
      },
      {
        "id": "Kejia Lin"
      },
      {
        "id": "P. McDonagh"
      },
      {
        "id": "K. McBride"
      },
      {
        "id": "Patrick Mulrooney"
      },
      {
        "id": "S. Nahas"
      },
      {
        "id": "D. Oh"
      },
      {
        "id": "A. Oriol"
      },
      {
        "id": "L. Puckett"
      },
      {
        "id": "Z. Rady"
      },
      {
        "id": "M. G. Reese"
      },
      {
        "id": "Lisa Salz"
      },
      {
        "id": "Lawrence Stewart"
      },
      {
        "id": "Nathaly M. Sweeney"
      },
      {
        "id": "M. Tokita"
      },
      {
        "id": "L. Van Der Kraan"
      },
      {
        "id": "Kristen M Wigby"
      },
      {
        "id": "Brett Williams"
      },
      {
        "id": "Terence Wong"
      },
      {
        "id": "M. Wright"
      },
      {
        "id": "Catherine Yamada"
      },
      {
        "id": "P. Schols"
      },
      {
        "id": "J. Reynders"
      },
      {
        "id": "K. Hall"
      },
      {
        "id": "D. Dimmock"
      },
      {
        "id": "N. Veeraraghavan"
      },
      {
        "id": "Thomas Defay"
      }
    ]
  }
}