{
  "window": "2020_2022",
  "num_clusters": 10,
  "cluster_details": {
    "6": [
      {
        "id": "Dzmitry Bahdanau"
      },
      {
        "id": "Amanpreet Singh"
      },
      {
        "id": "Douwe Kiela"
      },
      {
        "id": "Yacine Jernite"
      },
      {
        "id": "J. Yosinski"
      },
      {
        "id": "Alexander M. Rush"
      },
      {
        "id": "Ofir Press"
      },
      {
        "id": "Bo Wang"
      },
      {
        "id": "Sheng Shen"
      },
      {
        "id": "Adam Roberts"
      },
      {
        "id": "Colin Raffel"
      },
      {
        "id": "Timo Schick"
      },
      {
        "id": "Victor Sanh"
      },
      {
        "id": "Lysandre Debut"
      },
      {
        "id": "Julien Chaumond"
      },
      {
        "id": "Thomas Wolf"
      },
      {
        "id": "Yonatan Belinkov"
      },
      {
        "id": "M. Shoeybi"
      },
      {
        "id": "J. Casper"
      },
      {
        "id": "Irene Solaiman"
      },
      {
        "id": "Sebastian Gehrmann"
      },
      {
        "id": "Hendrik Strobelt"
      },
      {
        "id": "Yada Pruksachatkun"
      },
      {
        "id": "Ellie Pavlick"
      },
      {
        "id": "Jason Phang"
      },
      {
        "id": "Thibault Févry"
      },
      {
        "id": "Margaret Mitchell"
      },
      {
        "id": "Germán Kruszewski"
      },
      {
        "id": "G. Konidaris"
      },
      {
        "id": "François Yvon"
      },
      {
        "id": "Genta Indra Winata"
      },
      {
        "id": "Iz Beltagy"
      },
      {
        "id": "Niklas Muennighoff"
      },
      {
        "id": "Nishant Subramani"
      },
      {
        "id": "Nathan Lambert"
      },
      {
        "id": "Jesse Dodge"
      },
      {
        "id": "Kyle Lo"
      },
      {
        "id": "Pedro Ortiz Suarez"
      },
      {
        "id": "M Saiful Bari"
      },
      {
        "id": "Antoine Chaffin"
      },
      {
        "id": "Raymond Li"
      },
      {
        "id": "Loubna Ben Allal"
      },
      {
        "id": "Denis Kocetkov"
      },
      {
        "id": "Chenghao Mou"
      },
      {
        "id": "Christopher Akiki"
      },
      {
        "id": "Jenny Chim"
      },
      {
        "id": "Thomas Wang"
      },
      {
        "id": "Jian Zhu"
      },
      {
        "id": "Manan Dey"
      },
      {
        "id": "N. Fahmy"
      },
      {
        "id": "Paulo Villegas"
      },
      {
        "id": "Hailey Schoelkopf"
      },
      {
        "id": "Mayank Mishra"
      },
      {
        "id": "Danish Contractor"
      },
      {
        "id": "Carlos Muñoz Ferrandis"
      },
      {
        "id": "L. V. Werra"
      },
      {
        "id": "H. D. Vries"
      },
      {
        "id": "A. Luccioni"
      },
      {
        "id": "Marissa Gerchick"
      },
      {
        "id": "Angelina McMillan-Major"
      },
      {
        "id": "Ezinwanne Ozoani"
      },
      {
        "id": "Nazneen Rajani"
      },
      {
        "id": "Tristan Thrush"
      },
      {
        "id": "Teven Le Scao"
      },
      {
        "id": "Angela Fan"
      },
      {
        "id": "Suzana Ili'c"
      },
      {
        "id": "Daniel Hesslow"
      },
      {
        "id": "Roman Castagn'e"
      },
      {
        "id": "Matthias Gallé"
      },
      {
        "id": "J. Tow"
      },
      {
        "id": "Stella Biderman"
      },
      {
        "id": "Albert Webson"
      },
      {
        "id": "Pawan Sasanka Ammanamanchi"
      },
      {
        "id": "Benoît Sagot"
      },
      {
        "id": "Albert Villanova del Moral"
      },
      {
        "id": "Olatunji Ruwase"
      },
      {
        "id": "Rachel Bawden"
      },
      {
        "id": "Stas Bekman"
      },
      {
        "id": "Huu Nguyen"
      },
      {
        "id": "Lucile Saulnier"
      },
      {
        "id": "Samson Tan"
      },
      {
        "id": "Hugo Laurenccon"
      },
      {
        "id": "Julien Launay"
      },
      {
        "id": "Aaron Gokaslan"
      },
      {
        "id": "Adi Simhi"
      },
      {
        "id": "Aitor Soroa Etxabe"
      },
      {
        "id": "Alham Fikri Aji"
      },
      {
        "id": "Amit Alfassy"
      },
      {
        "id": "Anna Rogers"
      },
      {
        "id": "Ariel Kreisberg Nitzav"
      },
      {
        "id": "Canwen Xu"
      },
      {
        "id": "Chris C. Emezue"
      },
      {
        "id": "Christopher Klamm"
      },
      {
        "id": "Colin Leong"
      },
      {
        "id": "Daniel Alexander van Strien"
      },
      {
        "id": "David Ifeoluwa Adelani"
      },
      {
        "id": "Dragomir R. Radev"
      },
      {
        "id": "E. G. Ponferrada"
      },
      {
        "id": "Efrat Levkovizh"
      },
      {
        "id": "Ethan Kim"
      },
      {
        "id": "Eyal Natan"
      },
      {
        "id": "F. Toni"
      },
      {
        "id": "Gérard Dupont"
      },
      {
        "id": "Giada Pistilli"
      },
      {
        "id": "Hady ElSahar"
      },
      {
        "id": "Hamza Benyamina"
      },
      {
        "id": "H. Tran"
      },
      {
        "id": "Ian Yu"
      },
      {
        "id": "Idris Abdulmumin"
      },
      {
        "id": "Isaac Johnson"
      },
      {
        "id": "Itziar Gonzalez-Dios"
      },
      {
        "id": "Javier de la Rosa"
      },
      {
        "id": "Jonathan Chang"
      },
      {
        "id": "Jorg Frohberg"
      },
      {
        "id": "Josephine Tobing"
      },
      {
        "id": "J. Bhattacharjee"
      },
      {
        "id": "Khalid Almubarak"
      },
      {
        "id": "Kimbo Chen"
      },
      {
        "id": "Leon Weber"
      },
      {
        "id": "Long Phan"
      },
      {
        "id": "Ludovic Tanguy"
      },
      {
        "id": "M. Muñoz"
      },
      {
        "id": "Maraim Masoud"
      },
      {
        "id": "María Grandury"
      },
      {
        "id": "Mario vSavsko"
      },
      {
        "id": "Max Huang"
      },
      {
        "id": "Maximin Coavoux"
      },
      {
        "id": "Mayank Singh"
      },
      {
        "id": "Mike Tian-Jian Jiang"
      },
      {
        "id": "Minh Chien Vu"
      },
      {
        "id": "M. A. Jauhar"
      },
      {
        "id": "Mustafa Ghaleb"
      },
      {
        "id": "Nora Kassner"
      },
      {
        "id": "Nurulaqilla Khamis"
      },
      {
        "id": "Olivier Nguyen"
      },
      {
        "id": "Omar Espejel"
      },
      {
        "id": "Ona de Gibert"
      },
      {
        "id": "Peter Henderson"
      },
      {
        "id": "Pierre Colombo"
      },
      {
        "id": "Priscilla Amuok"
      },
      {
        "id": "Quentin Lhoest"
      },
      {
        "id": "Rheza Harliman"
      },
      {
        "id": "Rishi Bommasani"
      },
      {
        "id": "R. L'opez"
      },
      {
        "id": "Rui Ribeiro"
      },
      {
        "id": "Salomey Osei"
      },
      {
        "id": "S. Pyysalo"
      },
      {
        "id": "Sebastian Nagel"
      },
      {
        "id": "Shamik Bose"
      },
      {
        "id": "Shamsuddeen Hassan Muhammad"
      },
      {
        "id": "S. Sharma"
      },
      {
        "id": "S. Longpre"
      },
      {
        "id": "Somaieh Nikpoor"
      },
      {
        "id": "S. Silberberg"
      },
      {
        "id": "S. Pai"
      },
      {
        "id": "S. Zink"
      },
      {
        "id": "Tiago Timponi Torrent"
      },
      {
        "id": "V. Danchev"
      },
      {
        "id": "Vassilina Nikoulina"
      },
      {
        "id": "Veronika Laippala"
      },
      {
        "id": "Violette Lepercq"
      },
      {
        "id": "V. Prabhu"
      },
      {
        "id": "Zaid Alyafeai"
      },
      {
        "id": "Zeerak Talat"
      },
      {
        "id": "Arun Raja"
      },
      {
        "id": "Benjamin Heinzerling"
      },
      {
        "id": "Chenglei Si"
      },
      {
        "id": "Elizabeth Salesky"
      },
      {
        "id": "Sabrina J. Mielke"
      },
      {
        "id": "Wilson Y. Lee"
      },
      {
        "id": "Abheesht Sharma"
      },
      {
        "id": "Andrea Santilli"
      },
      {
        "id": "Arnaud Stiegler"
      },
      {
        "id": "Debajyoti Datta"
      },
      {
        "id": "Eliza Szczechla"
      },
      {
        "id": "Gunjan Chhablani"
      },
      {
        "id": "Han Wang"
      },
      {
        "id": "Harshit Pandey"
      },
      {
        "id": "Jason Alan Fries"
      },
      {
        "id": "Jos Rozen"
      },
      {
        "id": "Leo Gao"
      },
      {
        "id": "Lintang Sutawika"
      },
      {
        "id": "Maged S. Al-Shaibani"
      },
      {
        "id": "Matteo Manica"
      },
      {
        "id": "Nihal V. Nayak"
      },
      {
        "id": "Ryan Teehan"
      },
      {
        "id": "Samuel Albanie"
      },
      {
        "id": "Srulik Ben-David"
      },
      {
        "id": "Stephen H. Bach"
      },
      {
        "id": "Taewoon Kim"
      },
      {
        "id": "T. Bers"
      },
      {
        "id": "Trishala Neeraj"
      },
      {
        "id": "Urmish Thakker"
      },
      {
        "id": "Vikas Raunak"
      },
      {
        "id": "Xiang Tang"
      },
      {
        "id": "Zheng-Xin Yong"
      },
      {
        "id": "Zhiqing Sun"
      },
      {
        "id": "Shaked Brody"
      },
      {
        "id": "Y. Uri"
      },
      {
        "id": "Hadar Tojarieh"
      },
      {
        "id": "Hyung Won Chung"
      },
      {
        "id": "Jaesung Tae"
      },
      {
        "id": "Conglong Li"
      },
      {
        "id": "D. Narayanan"
      },
      {
        "id": "Hatim Bourfoune"
      },
      {
        "id": "Jeff Rasley"
      },
      {
        "id": "Max Ryabinin"
      },
      {
        "id": "Minjia Zhang"
      },
      {
        "id": "Myriam Peyrounette"
      },
      {
        "id": "N. Patry"
      },
      {
        "id": "Nouamane Tazi"
      },
      {
        "id": "Omar Sanseviero"
      },
      {
        "id": "Patrick von Platen"
      },
      {
        "id": "Pierre Cornette"
      },
      {
        "id": "Pierre Franccois Lavall'ee"
      },
      {
        "id": "R. Lacroix"
      },
      {
        "id": "Samyam Rajbhandari"
      },
      {
        "id": "Sanchit Gandhi"
      },
      {
        "id": "Shaden Smith"
      },
      {
        "id": "S. Requena"
      },
      {
        "id": "Suraj Patil"
      },
      {
        "id": "Tim Dettmers"
      },
      {
        "id": "Ahmed Baruwa"
      },
      {
        "id": "Anastasia Cheveleva"
      },
      {
        "id": "Anne-Laure Ligozat"
      },
      {
        "id": "Arjun Subramonian"
      },
      {
        "id": "Aur'elie N'ev'eol"
      },
      {
        "id": "Charles Lovering"
      },
      {
        "id": "Dan Garrette"
      },
      {
        "id": "D. Tunuguntla"
      },
      {
        "id": "Ehud Reiter"
      },
      {
        "id": "Ekaterina Taktasheva"
      },
      {
        "id": "E. Voloshina"
      },
      {
        "id": "Eli Bogdanov"
      },
      {
        "id": "Jan-Christoph Kalo"
      },
      {
        "id": "Jekaterina Novikova"
      },
      {
        "id": "J. Forde"
      },
      {
        "id": "Xiangru Tang"
      },
      {
        "id": "Jungo Kasai"
      },
      {
        "id": "Ken Kawamura"
      },
      {
        "id": "Liam Hazan"
      },
      {
        "id": "Marine Carpuat"
      },
      {
        "id": "Miruna Clinciu"
      },
      {
        "id": "Najoung Kim"
      },
      {
        "id": "Newton Cheng"
      },
      {
        "id": "Oleg Serikov"
      },
      {
        "id": "Omer Antverg"
      },
      {
        "id": "Oskar van der Wal"
      },
      {
        "id": "Rui Zhang"
      },
      {
        "id": "Ruochen Zhang"
      },
      {
        "id": "Shachar Mirkin"
      },
      {
        "id": "S. Pais"
      },
      {
        "id": "Tatiana Shavrina"
      },
      {
        "id": "Thomas Scialom"
      },
      {
        "id": "Tian Yun"
      },
      {
        "id": "Tomasz Limisiewicz"
      },
      {
        "id": "Verena Rieser"
      },
      {
        "id": "Vitaly Protasov"
      },
      {
        "id": "V. Mikhailov"
      },
      {
        "id": "Zachary Bamberger"
      },
      {
        "id": "Zdenˇek Kasner"
      },
      {
        "id": "Zdeněk Kasner"
      },
      {
        "id": "A. Pestana"
      },
      {
        "id": "A. Feizpour"
      },
      {
        "id": "Ammar Khan"
      },
      {
        "id": "Amy Faranak"
      },
      {
        "id": "A. Santos"
      },
      {
        "id": "Anthony Hevia"
      },
      {
        "id": "Antigona Unldreaj"
      },
      {
        "id": "Arash Aghagol"
      },
      {
        "id": "Arezoo Abdollahi"
      },
      {
        "id": "A. Tammour"
      },
      {
        "id": "A. HajiHosseini"
      },
      {
        "id": "Bahareh Behroozi"
      },
      {
        "id": "Benjamin Ayoade Ajibade"
      },
      {
        "id": "B. Saxena"
      },
      {
        "id": "D. Lansky"
      },
      {
        "id": "Davis David"
      },
      {
        "id": "D. A. Nguyen"
      },
      {
        "id": "Edward Tan"
      },
      {
        "id": "Emi Baylor"
      },
      {
        "id": "F. Mirza"
      },
      {
        "id": "Frankline Ononiwu"
      },
      {
        "id": "Habib Rezanejad"
      },
      {
        "id": "H.A. Jones"
      },
      {
        "id": "Indrani Bhattacharya"
      },
      {
        "id": "Irina Sedenko"
      },
      {
        "id": "Isar Nejadgholi"
      },
      {
        "id": "J. Passmore"
      },
      {
        "id": "Joshua Seltzer"
      },
      {
        "id": "Julio Bonis Sanz"
      },
      {
        "id": "Karen Fort"
      },
      {
        "id": "Lívia Dutra"
      },
      {
        "id": "Mairon Samagaio"
      },
      {
        "id": "Maraim Elbadri"
      },
      {
        "id": "Margot Mieskes"
      },
      {
        "id": "Martha Akinlolu"
      },
      {
        "id": "Michael McKenna"
      },
      {
        "id": "Mike Qiu"
      },
      {
        "id": "M. Ghauri"
      },
      {
        "id": "Mykola Burynok"
      },
      {
        "id": "Nafis Abrar"
      },
      {
        "id": "Nour Elkott"
      },
      {
        "id": "Olanrewaju Samuel"
      },
      {
        "id": "Ran An"
      },
      {
        "id": "R. Kromann"
      },
      {
        "id": "Ryan Hao"
      },
      {
        "id": "S. Alizadeh"
      },
      {
        "id": "Sarmad Shubber"
      },
      {
        "id": "Silas L. Wang"
      },
      {
        "id": "Sourav Roy"
      },
      {
        "id": "S. Viguier"
      },
      {
        "id": "Thanh-Cong Le"
      },
      {
        "id": "Tobi Oyebade"
      },
      {
        "id": "T. Le"
      },
      {
        "id": "Yoyo Yang"
      },
      {
        "id": "Zach Nguyen"
      },
      {
        "id": "Abhinav Ramesh Kashyap"
      },
      {
        "id": "A. Palasciano"
      },
      {
        "id": "A. Callahan"
      },
      {
        "id": "Anima Shukla"
      },
      {
        "id": "Antonio Miranda-Escalada"
      },
      {
        "id": "A. Singh"
      },
      {
        "id": "Benjamin Beilharz"
      },
      {
        "id": "C. Brito"
      },
      {
        "id": "Chenxi Zhou"
      },
      {
        "id": "Chirag Jain"
      },
      {
        "id": "Chuxin Xu"
      },
      {
        "id": "Clémentine Fourrier"
      },
      {
        "id": "Daniel Le'on Perin'an"
      },
      {
        "id": "Daniel Molano"
      },
      {
        "id": "Dian Yu"
      },
      {
        "id": "Enrique Manjavacas"
      },
      {
        "id": "Fabio Barth"
      },
      {
        "id": "Florian Fuhrimann"
      },
      {
        "id": "Gabriel Altay"
      },
      {
        "id": "Giyaseddin Bayrak"
      },
      {
        "id": "Gully Burns"
      },
      {
        "id": "Helena U. Vrabec"
      },
      {
        "id": "I. Bello"
      },
      {
        "id": "Isha Dash"
      },
      {
        "id": "J. Kang"
      },
      {
        "id": "John Giorgi"
      },
      {
        "id": "Jonas Golde"
      },
      {
        "id": "J. Posada"
      },
      {
        "id": "Karthi Sivaraman"
      },
      {
        "id": "Lokesh Bulchandani"
      },
      {
        "id": "Lu Liu"
      },
      {
        "id": "Luisa Shinzato"
      },
      {
        "id": "Madeleine Hahn de Bykhovetz"
      },
      {
        "id": "Maiko Takeuchi"
      },
      {
        "id": "Marc Pàmies"
      },
      {
        "id": "M. A. Castillo"
      },
      {
        "id": "Marianna Nezhurina"
      },
      {
        "id": "Mario Sanger"
      },
      {
        "id": "M. Samwald"
      },
      {
        "id": "Michael Cullan"
      },
      {
        "id": "Michael Weinberg"
      },
      {
        "id": "M. Wolf"
      },
      {
        "id": "Mina Mihaljcic"
      },
      {
        "id": "Minna Liu"
      },
      {
        "id": "M. Freidank"
      },
      {
        "id": "Myungsun Kang"
      },
      {
        "id": "Natasha Seelam"
      },
      {
        "id": "N. Dahlberg"
      },
      {
        "id": "N. Broad"
      },
      {
        "id": "N. Muellner"
      },
      {
        "id": "Pascale Fung"
      },
      {
        "id": "Patricia Haller"
      },
      {
        "id": "Patrick Haller"
      },
      {
        "id": "R. Eisenberg"
      },
      {
        "id": "Robert Martin"
      },
      {
        "id": "Rodrigo Canalli"
      },
      {
        "id": "Rosaline Su"
      },
      {
        "id": "Ruisi Su"
      },
      {
        "id": "Samuel Cahyawijaya"
      },
      {
        "id": "Samuele Garda"
      },
      {
        "id": "Shlok S Deshmukh"
      },
      {
        "id": "Shubhanshu Mishra"
      },
      {
        "id": "Sid Kiblawi"
      },
      {
        "id": "Simon Ott"
      },
      {
        "id": "Sinee Sang-aroonsiri"
      },
      {
        "id": "Srishti Kumar"
      },
      {
        "id": "Stefan Schweter"
      },
      {
        "id": "S. Bharati"
      },
      {
        "id": "Tanmay Laud"
      },
      {
        "id": "Théo Gigant"
      },
      {
        "id": "Tomoya Kainuma"
      },
      {
        "id": "Wojciech Kusa"
      },
      {
        "id": "Yanis Labrak"
      },
      {
        "id": "Yashasvi Bajaj"
      },
      {
        "id": "Y. Venkatraman"
      },
      {
        "id": "Yifan Xu"
      },
      {
        "id": "Ying Xu"
      },
      {
        "id": "Yu Xu"
      },
      {
        "id": "Z. Tan"
      },
      {
        "id": "Zhongli Xie"
      },
      {
        "id": "Zifan Ye"
      },
      {
        "id": "M. Bras"
      },
      {
        "id": "Younes Belkada"
      },
      {
        "id": "Ayush Singh"
      },
      {
        "id": "Laurent Romary"
      },
      {
        "id": "Djamé Seddah"
      },
      {
        "id": "M. Moradi"
      },
      {
        "id": "Bhavitvya Malik"
      },
      {
        "id": "Sean Hughes"
      },
      {
        "id": "Herbie Bradley"
      },
      {
        "id": "Louis Castricato"
      },
      {
        "id": "M. Littman"
      },
      {
        "id": "Kathrin Blagec"
      },
      {
        "id": "G. Dorffner"
      },
      {
        "id": "Julien Abadji"
      },
      {
        "id": "A. Barbosa-Silva"
      },
      {
        "id": "J. Brauner"
      },
      {
        "id": "Elizabeth Clark"
      },
      {
        "id": "Thibault Sellam"
      },
      {
        "id": "A. Thakur"
      },
      {
        "id": "Mariama Drame"
      },
      {
        "id": "J. Plu"
      },
      {
        "id": "Lewis Tunstall"
      },
      {
        "id": "Joe Davison"
      },
      {
        "id": "Simon Brandeis"
      },
      {
        "id": "Philipp Schmid"
      },
      {
        "id": "Sylvain Gugger"
      },
      {
        "id": "Clement Delangue"
      },
      {
        "id": "Th'eo Matussiere"
      },
      {
        "id": "Pierric Cistac"
      },
      {
        "id": "Thibault Goehringer"
      },
      {
        "id": "Victor Mustar"
      },
      {
        "id": "François Lagunas"
      },
      {
        "id": "Andrea Madotto"
      },
      {
        "id": "Zhaojiang Lin"
      },
      {
        "id": "Rosanne Liu"
      },
      {
        "id": "F. Haberl"
      },
      {
        "id": "Qingfu Qi"
      },
      {
        "id": "Liyuan Lin"
      },
      {
        "id": "Jitao Xu"
      },
      {
        "id": "N. Duchêne"
      },
      {
        "id": "S. Kiritchenko"
      },
      {
        "id": "Kathleen C. Fraser"
      },
      {
        "id": "D. Mareček"
      },
      {
        "id": "Anh Khoi Ngo Ho"
      },
      {
        "id": "Maged S. Alshaibani"
      },
      {
        "id": "Irfan Ahmad"
      },
      {
        "id": "Benjamin Muller"
      },
      {
        "id": "Paul Whatamough"
      },
      {
        "id": "Matthew Mattina"
      },
      {
        "id": "Jesse G. Beu"
      },
      {
        "id": "O. Nitski"
      },
      {
        "id": "Gary D Bader"
      },
      {
        "id": "Jouni Luoma"
      },
      {
        "id": "Yoann Dupont"
      },
      {
        "id": "L. Romary"
      }
    ],
    "70": [
      {
        "id": "V. Tierrafría"
      },
      {
        "id": "Claire Rioualen"
      },
      {
        "id": "Heladia Salgado"
      },
      {
        "id": "P. Lara"
      },
      {
        "id": "S. Gama-Castro"
      },
      {
        "id": "P. Lally"
      },
      {
        "id": "Laura Gómez-Romero"
      },
      {
        "id": "Pablo Peña-Loredo"
      },
      {
        "id": "Andrés G. López-Almazo"
      },
      {
        "id": "Gabriel Alarcón-Carranza"
      },
      {
        "id": "Felipe Betancourt-Figueroa"
      },
      {
        "id": "Shirley Alquicira-Hernández"
      },
      {
        "id": "J. E. Polanco-Morelos"
      },
      {
        "id": "J. García-Sotelo"
      },
      {
        "id": "Estefani Gaytan-Nuñez"
      },
      {
        "id": "Carlos-Francisco Méndez-Cruz"
      },
      {
        "id": "Luis J Muñiz"
      },
      {
        "id": "César Bonavides-Martínez"
      },
      {
        "id": "G. Moreno-Hagelsieb"
      },
      {
        "id": "J. Galagan"
      },
      {
        "id": "J. Wade"
      },
      {
        "id": "J. Collado-Vides"
      }
    ],
    "38": [
      {
        "id": "Paulo Alexandre Neves"
      },
      {
        "id": "João Simões"
      },
      {
        "id": "Ricardo Costa"
      },
      {
        "id": "Luís Pimenta"
      },
      {
        "id": "N. Gonçalves"
      },
      {
        "id": "Carlos Albuquerque"
      },
      {
        "id": "C. Cunha"
      },
      {
        "id": "Eftim Zdravevski"
      },
      {
        "id": "Petre Lameski"
      },
      {
        "id": "N. Garcia"
      },
      {
        "id": "I. Pires"
      },
      {
        "id": "L. Marcos-Zambrano"
      },
      {
        "id": "Kanita Karaduzovic-Hadziabdic"
      },
      {
        "id": "Tatjana Loncar Turukalo"
      },
      {
        "id": "Piotr Przymus"
      },
      {
        "id": "V. Trajkovik"
      },
      {
        "id": "O. Aasmets"
      },
      {
        "id": "M. Berland"
      },
      {
        "id": "A. Gruca"
      },
      {
        "id": "Jasminka Hasic"
      },
      {
        "id": "K. Hron"
      },
      {
        "id": "Thomas Klammsteiner"
      },
      {
        "id": "M. Kolev"
      },
      {
        "id": "L. Lahti"
      },
      {
        "id": "M. Lopes"
      },
      {
        "id": "V. Moreno"
      },
      {
        "id": "Irina Naskinova"
      },
      {
        "id": "E. Org"
      },
      {
        "id": "I. Paciência"
      },
      {
        "id": "G. Papoutsoglou"
      },
      {
        "id": "Rajesh Shigdel"
      },
      {
        "id": "B. Stres"
      },
      {
        "id": "B. Vilne"
      },
      {
        "id": "M. Yousef"
      },
      {
        "id": "Ioannis Tsamarindos"
      },
      {
        "id": "Enrique Carrillo de Santa Pau"
      },
      {
        "id": "M. Claesson"
      },
      {
        "id": "I. Moreno-Indias"
      },
      {
        "id": "J. Truu"
      }
    ],
    "9": [
      {
        "id": "Sebastian Ruder"
      },
      {
        "id": "K. Stevens"
      },
      {
        "id": "A. Kuncoro"
      },
      {
        "id": "Rico Sennrich"
      },
      {
        "id": "Yue Zhang"
      },
      {
        "id": "E. Hovy"
      },
      {
        "id": "Zihao Wang"
      },
      {
        "id": "Yuxuan Wang"
      },
      {
        "id": "Hao Chen"
      },
      {
        "id": "Jascha Narain Sohl-Dickstein"
      },
      {
        "id": "Jing Zhang"
      },
      {
        "id": "Linyi Yang"
      },
      {
        "id": "Zihan Wang"
      },
      {
        "id": "Fiona Anting Tan"
      },
      {
        "id": "Haifeng Chen"
      },
      {
        "id": "Yidong Wang"
      },
      {
        "id": "Salud María Jiménez-Zafra"
      },
      {
        "id": "Han Li"
      },
      {
        "id": "Yan Xu"
      },
      {
        "id": "Mahlatse S Mbooi"
      },
      {
        "id": "V. Marivate"
      },
      {
        "id": "Haoran Wang"
      },
      {
        "id": "Jian Liu"
      },
      {
        "id": "Jindong Wang"
      },
      {
        "id": "Libo Qin"
      },
      {
        "id": "Wanxiang Che"
      },
      {
        "id": "Ondrej Dusek"
      },
      {
        "id": "Abinaya Mahendiran"
      },
      {
        "id": "Chandan Singh"
      },
      {
        "id": "Hao Xue"
      },
      {
        "id": "Flora D. Salim"
      },
      {
        "id": "Yutai Hou"
      },
      {
        "id": "Tongshuang Sherry Wu"
      },
      {
        "id": "Weirong Ye"
      },
      {
        "id": "Xingxu Xie"
      },
      {
        "id": "M. Choudhury"
      },
      {
        "id": "Jinho D. Choi"
      },
      {
        "id": "Holy Lovenia"
      },
      {
        "id": "Wenliang Dai"
      },
      {
        "id": "Rishabh Gupta"
      },
      {
        "id": "I. Parmonangan"
      },
      {
        "id": "Xiaohong Li"
      },
      {
        "id": "M. Das"
      },
      {
        "id": "Ruihai Dong"
      },
      {
        "id": "Fajri Koto"
      },
      {
        "id": "Bryan Wilie"
      },
      {
        "id": "David Moeljadi"
      },
      {
        "id": "A. Purwarianti"
      },
      {
        "id": "Marco Antonio Sobrevilla Cabezudo"
      },
      {
        "id": "Leyang Cui"
      },
      {
        "id": "Xujiang Zhao"
      },
      {
        "id": "Xuchao Zhang"
      },
      {
        "id": "Trevor Cohn"
      },
      {
        "id": "Jey Han Lau"
      },
      {
        "id": "Damien Sileo"
      },
      {
        "id": "Zhenchang Xing"
      },
      {
        "id": "Xiangxiang Zeng"
      },
      {
        "id": "Asher Lederman"
      },
      {
        "id": "Reeva M. Lederman"
      },
      {
        "id": "Karin M. Verspoor"
      },
      {
        "id": "T. Sefara"
      },
      {
        "id": "Katlego Mashile"
      },
      {
        "id": "Thompho Rambuda"
      },
      {
        "id": "M. Rangata"
      },
      {
        "id": "Yue Fan"
      },
      {
        "id": "Wangbin Sun"
      },
      {
        "id": "R. Tao"
      },
      {
        "id": "Wenxin Hou"
      },
      {
        "id": "Renjie Wang"
      },
      {
        "id": "Zhi Zhou"
      },
      {
        "id": "Lan-Zhe Guo"
      },
      {
        "id": "Heli Qi"
      },
      {
        "id": "Zhen Wu"
      },
      {
        "id": "Yu-Feng Li"
      },
      {
        "id": "Satoshi Nakamura"
      },
      {
        "id": "M. Savvides"
      },
      {
        "id": "B. Raj"
      },
      {
        "id": "T. Shinozaki"
      },
      {
        "id": "B. Schiele"
      },
      {
        "id": "Guosheng Hu"
      },
      {
        "id": "Rahmad Mahendra"
      },
      {
        "id": "Christian Wibisono"
      },
      {
        "id": "Ade Romadhony"
      },
      {
        "id": "Karissa Vincentio"
      },
      {
        "id": "Jennifer Santoso"
      },
      {
        "id": "Cahya Wirawan"
      },
      {
        "id": "Frederikus Hudi"
      },
      {
        "id": "Ika Alfina"
      },
      {
        "id": "Muhammad Satrio Wicaksono"
      },
      {
        "id": "Ilham Firdausi Putra"
      },
      {
        "id": "Samsul Rahmadani"
      },
      {
        "id": "Yulianti Oenang"
      },
      {
        "id": "A. Septiandri"
      },
      {
        "id": "James Jaya"
      },
      {
        "id": "Kaustubh D. Dhole"
      },
      {
        "id": "Arie A. Suryani"
      },
      {
        "id": "Rifki Afina Putri"
      },
      {
        "id": "Dan Su"
      },
      {
        "id": "Made Nindyatama Nityasya"
      },
      {
        "id": "M. F. Adilazuarda"
      },
      {
        "id": "Ryan Ignatius"
      },
      {
        "id": "Ryandito Diandaru"
      },
      {
        "id": "Tiezheng Yu"
      },
      {
        "id": "Vito Ghifari"
      },
      {
        "id": "Dyah Damapuspita"
      },
      {
        "id": "C. Tho"
      },
      {
        "id": "Ichwanul Muslim Karo Karo"
      },
      {
        "id": "Tirana Noor Fatyanosa"
      },
      {
        "id": "Ziwei Ji"
      },
      {
        "id": "Timothy Baldwin"
      },
      {
        "id": "Herry Sujaini"
      },
      {
        "id": "S. Sakti"
      },
      {
        "id": "Shohreh Deldari"
      },
      {
        "id": "Aaqib Saeed"
      },
      {
        "id": "Daniel V. Smith"
      },
      {
        "id": "Zhi-Hao Tan"
      },
      {
        "id": "Xiaoyang Zou"
      },
      {
        "id": "Wenyong Liu"
      },
      {
        "id": "Junchen Wang"
      },
      {
        "id": "G. Zheng"
      },
      {
        "id": "Oliver J Bear Don't Walk"
      },
      {
        "id": "Harry Reyes Nieva"
      },
      {
        "id": "S. Lee"
      },
      {
        "id": "Noémie Elhadad"
      },
      {
        "id": "Arturo Montejo-Ráez"
      },
      {
        "id": "Zhixuan Liu"
      },
      {
        "id": "Yuan-Chun Lin"
      },
      {
        "id": "Richard Plant"
      },
      {
        "id": "Valerio Giuffrida"
      },
      {
        "id": "Dimitra Gkatzia"
      },
      {
        "id": "Gaurav Verma"
      },
      {
        "id": "Rohit Mujumdar"
      },
      {
        "id": "Zijie J. Wang"
      },
      {
        "id": "Srijan Kumar"
      },
      {
        "id": "Kemal Kurniawan"
      },
      {
        "id": "Radityo Eko Prasojo"
      },
      {
        "id": "Liyan Xu"
      },
      {
        "id": "Yile Gu"
      },
      {
        "id": "J. Kolehmainen"
      },
      {
        "id": "Haidar Khan"
      },
      {
        "id": "Ankur Gandhe"
      },
      {
        "id": "A. Rastrow"
      },
      {
        "id": "A. Stolcke"
      },
      {
        "id": "I. Bulyko"
      },
      {
        "id": "Jiayuan He"
      },
      {
        "id": "Xudong Han"
      },
      {
        "id": "Aili Shen"
      },
      {
        "id": "Yitong Li"
      },
      {
        "id": "Lea Frermann"
      },
      {
        "id": "C. Brun"
      },
      {
        "id": "Manish Puri"
      },
      {
        "id": "A. Varde"
      },
      {
        "id": "Gerard de Melo"
      },
      {
        "id": "K. Verspoor"
      },
      {
        "id": "Juan Diego Rodriguez"
      },
      {
        "id": "Zhiyang Teng"
      },
      {
        "id": "Varun Gangal"
      },
      {
        "id": "Aadesh Gupta"
      },
      {
        "id": "Zhenhao Li"
      },
      {
        "id": "Saad Mahamood"
      },
      {
        "id": "Simon Mille"
      },
      {
        "id": "Ashish Srivastava"
      },
      {
        "id": "Sajant Anand"
      },
      {
        "id": "Nagender Aneja"
      },
      {
        "id": "Rabin Banjade"
      },
      {
        "id": "Lisa Barthe"
      },
      {
        "id": "Hanna Behnke"
      },
      {
        "id": "Ian Berlot-Attwell"
      },
      {
        "id": "Connor Boyle"
      },
      {
        "id": "E. Chapuis"
      },
      {
        "id": "Mukund Choudhary"
      },
      {
        "id": "C. Clauss"
      },
      {
        "id": "Filip Cornell"
      },
      {
        "id": "Gautier Dagan"
      },
      {
        "id": "Tanay Dixit"
      },
      {
        "id": "Thomas Dopierre"
      },
      {
        "id": "Paul-Alexis Dray"
      },
      {
        "id": "Suchitra Dubey"
      },
      {
        "id": "Tatiana Ekeinhor"
      },
      {
        "id": "Marco Di Giovanni"
      },
      {
        "id": "Louanes Hamla"
      },
      {
        "id": "Sanghyun Han"
      },
      {
        "id": "Fabrice Harel-Canada"
      },
      {
        "id": "A. Honoré"
      },
      {
        "id": "Ishan Jindal"
      },
      {
        "id": "Przemyslaw K. Joniak"
      },
      {
        "id": "D. Kleyko"
      },
      {
        "id": "Venelin Kovatchev"
      },
      {
        "id": "Kalpesh Krishna"
      },
      {
        "id": "Ashutosh Kumar"
      },
      {
        "id": "Stefan Langer"
      },
      {
        "id": "Corey J. Levinson"
      },
      {
        "id": "H.-J. Liang"
      },
      {
        "id": "Kaizhao Liang"
      },
      {
        "id": "Zhexiong Liu"
      },
      {
        "id": "Andrey Lukyanenko"
      },
      {
        "id": "Simon Meoni"
      },
      {
        "id": "Maxime Meyer"
      },
      {
        "id": "Afnan Mir"
      },
      {
        "id": "N. Moosavi"
      },
      {
        "id": "Timothy Sum Hon Mun"
      },
      {
        "id": "Kenton W. Murray"
      },
      {
        "id": "Marcin Namysl"
      },
      {
        "id": "Maria Obedkova"
      },
      {
        "id": "Priti Oli"
      },
      {
        "id": "Nivranshu Pasricha"
      },
      {
        "id": "Jan Pfister"
      },
      {
        "id": "Vinay Uday Prabhu"
      },
      {
        "id": "V. Pais"
      },
      {
        "id": "Shahab Raji"
      },
      {
        "id": "P. Rajpoot"
      },
      {
        "id": "Roy Rinberg"
      },
      {
        "id": "N. Roberts"
      },
      {
        "id": "Claude Roux"
      },
      {
        "id": "S. VasconcellosP.H."
      },
      {
        "id": "Ananya B. Sai"
      },
      {
        "id": "Robin M. Schmidt"
      },
      {
        "id": "Saqib Nizam Shamsi"
      },
      {
        "id": "Xudong Shen"
      },
      {
        "id": "Haoyue Shi"
      },
      {
        "id": "Y. Shi"
      },
      {
        "id": "Anna Shvets"
      },
      {
        "id": "Nick Siegel"
      },
      {
        "id": "Jamie Simon"
      },
      {
        "id": "Roman Sitelew"
      },
      {
        "id": "P. Soni"
      },
      {
        "id": "Taylor Sorensen"
      },
      {
        "id": "William Soto Martinez"
      },
      {
        "id": "Aman Srivastava"
      },
      {
        "id": "KV Aditya Srivatsa"
      },
      {
        "id": "Tony Sun"
      },
      {
        "id": "T. MukundVarma"
      },
      {
        "id": "A. Tabassum"
      },
      {
        "id": "Monalisa Tiwari"
      },
      {
        "id": "M. Tolkiehn"
      },
      {
        "id": "Athena Wang"
      },
      {
        "id": "Zijian Wang"
      },
      {
        "id": "Gloria Xinyue Wang"
      },
      {
        "id": "Fuxuan Wei"
      },
      {
        "id": "Xinyi Wu"
      },
      {
        "id": "Witold Wydmański"
      },
      {
        "id": "Tianbao Xie"
      },
      {
        "id": "Usama Yaseen"
      },
      {
        "id": "M. Yee"
      },
      {
        "id": "Bonggun Shin"
      },
      {
        "id": "Joyce Ho"
      },
      {
        "id": "D. Tufiș"
      },
      {
        "id": "F. Chen"
      },
      {
        "id": "Cheshta Kwatra"
      },
      {
        "id": "K. Gupta"
      },
      {
        "id": "Ishitva Awasthi"
      },
      {
        "id": "Prabjot Singh Bhogal"
      },
      {
        "id": "Sahejpreet Singh Anand"
      },
      {
        "id": "Dat Quoc Nguyen"
      },
      {
        "id": "S. Akhondi"
      },
      {
        "id": "Christian Druckenbrodt"
      },
      {
        "id": "Camilo Thorne"
      },
      {
        "id": "Ralph Hoessel"
      },
      {
        "id": "Zubair Afzal"
      },
      {
        "id": "Zenan Zhai"
      },
      {
        "id": "Biaoyan Fang"
      },
      {
        "id": "Hiyori Yoshikawa"
      },
      {
        "id": "Ameer Albahem"
      },
      {
        "id": "L. Cavedon"
      },
      {
        "id": "Zhi Yuan Lim"
      },
      {
        "id": "Syafri Bahar"
      },
      {
        "id": "M. L. Khodra"
      },
      {
        "id": "Aparna Elangovan"
      },
      {
        "id": "Jianyuan Lin"
      },
      {
        "id": "Lianming Zhao"
      },
      {
        "id": "Xiangrong Liu"
      },
      {
        "id": "C. Gravier"
      },
      {
        "id": "Wilfried Logerais"
      },
      {
        "id": "Sofonias Yitagesu"
      },
      {
        "id": "Xiaowang Zhang"
      },
      {
        "id": "Zhiyong Feng"
      },
      {
        "id": "Z. Teng"
      },
      {
        "id": "Sidik Soleman"
      },
      {
        "id": "Md Mosharaf Hossain"
      },
      {
        "id": "Pranoy Dutta"
      },
      {
        "id": "T. Kao"
      },
      {
        "id": "Elizabeth Wei"
      },
      {
        "id": "Eduardo Blanco"
      },
      {
        "id": "ylfeng"
      },
      {
        "id": "R. Morante"
      },
      {
        "id": "Jiazheng Li"
      },
      {
        "id": "Barry Smyth"
      },
      {
        "id": "Harshil Jain"
      },
      {
        "id": "Akshat Agarwal"
      },
      {
        "id": "K. Shridhar"
      },
      {
        "id": "Simon Suster"
      },
      {
        "id": "Yulia Otmakhova"
      },
      {
        "id": "Shevon Mendis"
      },
      {
        "id": "Antonio Jimeno Yepes"
      },
      {
        "id": "David Martínez"
      },
      {
        "id": "Mehdi Regina"
      },
      {
        "id": "S. Goutal"
      },
      {
        "id": "Hanmeng Liu"
      },
      {
        "id": "James D. Finch"
      },
      {
        "id": "A. Ahmadvand"
      },
      {
        "id": "Xiangjue Dong"
      },
      {
        "id": "Ruixiang Qi"
      },
      {
        "id": "Harshita Sahijwani"
      },
      {
        "id": "Sergey Volokhin"
      },
      {
        "id": "Radu Ion"
      },
      {
        "id": "Renzo Rivera Zavala"
      },
      {
        "id": "Paloma Martínez"
      },
      {
        "id": "T. L. J. Ng"
      },
      {
        "id": "Xiaosheng Yu"
      },
      {
        "id": "M. Martín-Valdivia"
      },
      {
        "id": "L. A. U. López"
      },
      {
        "id": "L. Akhtyamova"
      },
      {
        "id": "J. Cardiff"
      },
      {
        "id": "Farhad Bin Siddique"
      },
      {
        "id": "Elham J. Barezi"
      }
    ],
    "13": [
      {
        "id": "Jacob Devlin"
      },
      {
        "id": "Noam M. Shazeer"
      },
      {
        "id": "D. Luan"
      },
      {
        "id": "J. Dean"
      },
      {
        "id": "O. Vinyals"
      },
      {
        "id": "Quoc V. Le"
      },
      {
        "id": "Adams Wei Yu"
      },
      {
        "id": "David Dohan"
      },
      {
        "id": "Rui Zhao"
      },
      {
        "id": "W. Fedus"
      },
      {
        "id": "Andrew M. Dai"
      },
      {
        "id": "James Bradbury"
      },
      {
        "id": "Z. Chen"
      },
      {
        "id": "M. Krikun"
      },
      {
        "id": "Yuan Cao"
      },
      {
        "id": "Anna Goldie"
      },
      {
        "id": "Azalia Mirhoseini"
      },
      {
        "id": "Christian Szegedy"
      },
      {
        "id": "Slav Petrov"
      },
      {
        "id": "Wei Li"
      },
      {
        "id": "Daphne Ippolito"
      },
      {
        "id": "D. Eck"
      },
      {
        "id": "Katherine Lee"
      },
      {
        "id": "Sharan Narang"
      },
      {
        "id": "Michael Matena"
      },
      {
        "id": "Yanqi Zhou"
      },
      {
        "id": "Zihang Dai"
      },
      {
        "id": "J. Carbonell"
      },
      {
        "id": "Orhan Firat"
      },
      {
        "id": "Parker Barnes"
      },
      {
        "id": "Ben Hutchinson"
      },
      {
        "id": "Mostafa Dehghani"
      },
      {
        "id": "Ryan Sepassi"
      },
      {
        "id": "Hanxiao Liu"
      },
      {
        "id": "Enhong Chen"
      },
      {
        "id": "Jiaxin Zhang"
      },
      {
        "id": "Ed H. Chi"
      },
      {
        "id": "Sirui Zhao"
      },
      {
        "id": "Hongyu Jiang"
      },
      {
        "id": "Hanqing Tao"
      },
      {
        "id": "Rui Zha"
      },
      {
        "id": "Kun Zhang"
      },
      {
        "id": "Tong Xu"
      },
      {
        "id": "Jason Wei"
      },
      {
        "id": "Xuezhi Wang"
      },
      {
        "id": "Dale Schuurmans"
      },
      {
        "id": "Maarten Bosma"
      },
      {
        "id": "Quoc Le"
      },
      {
        "id": "Denny Zhou"
      },
      {
        "id": "Vedant Misra"
      },
      {
        "id": "Aakanksha Chowdhery"
      },
      {
        "id": "Gaurav Mishra"
      },
      {
        "id": "P. Barham"
      },
      {
        "id": "Charles Sutton"
      },
      {
        "id": "Parker Schuh"
      },
      {
        "id": "Kensen Shi"
      },
      {
        "id": "Sasha Tsvyashchenko"
      },
      {
        "id": "Joshua Maynez"
      },
      {
        "id": "Abhishek Rao"
      },
      {
        "id": "Yi Tay"
      },
      {
        "id": "Vinodkumar Prabhakaran"
      },
      {
        "id": "Emily Reif"
      },
      {
        "id": "Nan Du"
      },
      {
        "id": "Reiner Pope"
      },
      {
        "id": "Jacob Austin"
      },
      {
        "id": "M. Isard"
      },
      {
        "id": "Guy Gur-Ari"
      },
      {
        "id": "Pengcheng Yin"
      },
      {
        "id": "Toju Duke"
      },
      {
        "id": "Anselm Levskaya"
      },
      {
        "id": "S. Ghemawat"
      },
      {
        "id": "Sunipa Dev"
      },
      {
        "id": "H. Michalewski"
      },
      {
        "id": "Xavier García"
      },
      {
        "id": "Kevin Robinson"
      },
      {
        "id": "L. Fedus"
      },
      {
        "id": "Hyeontaek Lim"
      },
      {
        "id": "Barret Zoph"
      },
      {
        "id": "A. Spiridonov"
      },
      {
        "id": "Shivani Agrawal"
      },
      {
        "id": "Mark Omernick"
      },
      {
        "id": "Thanumalayan Sankaranarayana Pillai"
      },
      {
        "id": "Marie Pellat"
      },
      {
        "id": "Aitor Lewkowycz"
      },
      {
        "id": "Erica Moreira"
      },
      {
        "id": "Oleksandr Polozov"
      },
      {
        "id": "Zongwei Zhou"
      },
      {
        "id": "Brennan Saeta"
      },
      {
        "id": "Mark Díaz"
      },
      {
        "id": "Michele Catasta"
      },
      {
        "id": "K. Meier-Hellstern"
      },
      {
        "id": "Noah Fiedel"
      },
      {
        "id": "D. Schuurmans"
      },
      {
        "id": "Fernando Diaz"
      },
      {
        "id": "Xiaolong Jin"
      },
      {
        "id": "Ruoxi Sun"
      },
      {
        "id": "Zhe Zhao"
      },
      {
        "id": "Xueqi Cheng"
      },
      {
        "id": "F. Yang"
      },
      {
        "id": "Mustafa Safdari"
      },
      {
        "id": "Aleksandra Faust"
      },
      {
        "id": "Hanjun Dai"
      },
      {
        "id": "Yanping Huang"
      },
      {
        "id": "André Susano Pinto"
      },
      {
        "id": "Xiaohua Zhai"
      },
      {
        "id": "David R. So"
      },
      {
        "id": "Claire Cui"
      },
      {
        "id": "Adam Fisch"
      },
      {
        "id": "Tal Schuster"
      },
      {
        "id": "T. Jaakkola"
      },
      {
        "id": "R. Barzilay"
      },
      {
        "id": "Dmitry Lepikhin"
      },
      {
        "id": "Yuanzhong Xu"
      },
      {
        "id": "Ethan Dyer"
      },
      {
        "id": "Zachary Nado"
      },
      {
        "id": "Ambrose Slone"
      },
      {
        "id": "Zirui Wang"
      },
      {
        "id": "Tao Wang"
      },
      {
        "id": "Yuhuai Wu"
      },
      {
        "id": "Izzeddin Gur"
      },
      {
        "id": "Yingjie Miao"
      },
      {
        "id": "Austin Huang"
      },
      {
        "id": "Anastasios Nikolas Angelopoulos"
      },
      {
        "id": "Stephen Bates"
      },
      {
        "id": "Lihua Lei"
      },
      {
        "id": "Yu Qi"
      },
      {
        "id": "Yousong Zhu"
      },
      {
        "id": "Yufei Liu"
      },
      {
        "id": "Liwei Wu"
      },
      {
        "id": "Kyungtae Lim"
      },
      {
        "id": "Jayoung Song"
      },
      {
        "id": "Jungyeul Park"
      },
      {
        "id": "Haolin Sun"
      },
      {
        "id": "Jie Liu"
      },
      {
        "id": "Michael Tschannen"
      },
      {
        "id": "Basil Mustafa"
      },
      {
        "id": "N. Houlsby"
      },
      {
        "id": "Dan Zhang"
      },
      {
        "id": "Xiaorong Yuan"
      },
      {
        "id": "Jacob Eisenstein"
      },
      {
        "id": "Anders Andreassen"
      },
      {
        "id": "V. Ramasesh"
      },
      {
        "id": "Cem Anil"
      },
      {
        "id": "Imanol Schlag"
      },
      {
        "id": "Theo Gutman-Solo"
      },
      {
        "id": "Behnam Neyshabur"
      },
      {
        "id": "Albert Qiaochu Jiang"
      },
      {
        "id": "Wenda Li"
      },
      {
        "id": "M. Rabe"
      },
      {
        "id": "Charles Staats"
      },
      {
        "id": "M. Jamnik"
      },
      {
        "id": "Biao Zhang"
      },
      {
        "id": "B. Ghorbani"
      },
      {
        "id": "Jonathan Shen"
      },
      {
        "id": "Irwan Bello"
      },
      {
        "id": "Sameer Kumar"
      },
      {
        "id": "Negar Rostamzadeh"
      },
      {
        "id": "Christina Greer"
      },
      {
        "id": "K. Heller"
      },
      {
        "id": "Shiping Wen"
      },
      {
        "id": "Kaibo Shi"
      },
      {
        "id": "Yin Yang"
      },
      {
        "id": "Tingwen Huang"
      },
      {
        "id": "Ann Yuan"
      },
      {
        "id": "Andy Coenen"
      },
      {
        "id": "J. Puigcerver"
      },
      {
        "id": "C. Riquelme"
      },
      {
        "id": "Victor Veitch"
      },
      {
        "id": "Simon Tong"
      },
      {
        "id": "Yu Emma Wang"
      },
      {
        "id": "Kellie Webster"
      },
      {
        "id": "Lucas Dixon"
      },
      {
        "id": "Wojciech Ma'nke"
      },
      {
        "id": "V. Aribandi"
      },
      {
        "id": "J. Rao"
      },
      {
        "id": "H. Zheng"
      },
      {
        "id": "Sanket Vaibhav Mehta"
      },
      {
        "id": "Honglei Zhuang"
      },
      {
        "id": "Vinh Q. Tran"
      },
      {
        "id": "Dara Bahri"
      },
      {
        "id": "Jianmo Ni"
      },
      {
        "id": "Jai Gupta"
      },
      {
        "id": "Kai Hui"
      },
      {
        "id": "Donald Metzler"
      },
      {
        "id": "A. Gritsenko"
      },
      {
        "id": "Maxim Neumann"
      },
      {
        "id": "Rodolphe Jenatton"
      },
      {
        "id": "Daniel Keysers"
      },
      {
        "id": "Zhaowen Li"
      },
      {
        "id": "Zhiyang Chen"
      },
      {
        "id": "Chaoyang Zhao"
      },
      {
        "id": "Rui Deng"
      },
      {
        "id": "Ming Tang"
      },
      {
        "id": "Jinqiao Wang"
      },
      {
        "id": "Simon Baumgartner"
      },
      {
        "id": "Karishma Malkan"
      },
      {
        "id": "Nan Ding"
      },
      {
        "id": "Jake Marcus"
      },
      {
        "id": "Xinyu Ma"
      },
      {
        "id": "Jiafeng Guo"
      },
      {
        "id": "Ruqing Zhang"
      },
      {
        "id": "Yixing Fan"
      },
      {
        "id": "Yingyan Li"
      },
      {
        "id": "Safeen Huda"
      },
      {
        "id": "Ebrahim M. Songhori"
      },
      {
        "id": "Kartik Prabhu"
      },
      {
        "id": "Barbara McGillivray"
      },
      {
        "id": "T. Poibeau"
      },
      {
        "id": "Pablo Ruiz Fabo"
      },
      {
        "id": "A. D'Amour"
      },
      {
        "id": "D. Moldovan"
      },
      {
        "id": "Ben Adlam"
      },
      {
        "id": "Babak Alipanahi"
      },
      {
        "id": "Alex Beutel"
      },
      {
        "id": "Christina Chen"
      },
      {
        "id": "Jonathan Deaton"
      },
      {
        "id": "M. Hoffman"
      },
      {
        "id": "F. Hormozdiari"
      },
      {
        "id": "Shaobo Hou"
      },
      {
        "id": "Ghassen Jerfel"
      },
      {
        "id": "A. Karthikesalingam"
      },
      {
        "id": "Mario Lucic"
      },
      {
        "id": "Yi-An Ma"
      },
      {
        "id": "Cory Y. McLean"
      },
      {
        "id": "Diana Mincu"
      },
      {
        "id": "A. Mitani"
      },
      {
        "id": "A. Montanari"
      },
      {
        "id": "Vivek Natarajan"
      },
      {
        "id": "Christopher Nielson"
      },
      {
        "id": "T. Osborne"
      },
      {
        "id": "R. Raman"
      },
      {
        "id": "K. Ramasamy"
      },
      {
        "id": "R. Sayres"
      },
      {
        "id": "Jessica Schrouff"
      },
      {
        "id": "Martin G. Seneviratne"
      },
      {
        "id": "Shannon Sequeira"
      },
      {
        "id": "Harini Suresh"
      },
      {
        "id": "Max Vladymyrov"
      },
      {
        "id": "Steve Yadlowsky"
      },
      {
        "id": "T. Yun"
      },
      {
        "id": "D. Sculley"
      },
      {
        "id": "B. Póczos"
      },
      {
        "id": "Shaowei Chen"
      },
      {
        "id": "Bingquan Wang"
      },
      {
        "id": "Na Li"
      },
      {
        "id": "Yunqi Qiu"
      },
      {
        "id": "Yuanzhuo Wang"
      },
      {
        "id": "Long Bai"
      },
      {
        "id": "Saiping Guan"
      },
      {
        "id": "T. Erekhinskaya"
      },
      {
        "id": "Dmitriy Strebkov"
      },
      {
        "id": "Sujal Patel"
      },
      {
        "id": "Mithun Balakrishna"
      },
      {
        "id": "M. Tatu"
      },
      {
        "id": "Rafael-Michael Karampatsis"
      },
      {
        "id": "B. Finkbeiner"
      },
      {
        "id": "Christopher Hahn"
      },
      {
        "id": "Frederik Schmitt"
      },
      {
        "id": "R. Schuster"
      },
      {
        "id": "Yoav Meri"
      },
      {
        "id": "Vitaly Shmatikov"
      },
      {
        "id": "Jay Yoon Lee"
      }
    ],
    "45": [
      {
        "id": "Bharath Dandala"
      },
      {
        "id": "Diwakar Mahajan"
      },
      {
        "id": "Ananya Poddar"
      },
      {
        "id": "Jennifer J. Liang"
      },
      {
        "id": "Yen-Ting Lin"
      },
      {
        "id": "J. Prager"
      },
      {
        "id": "Parthasarathy Suryanarayanan"
      },
      {
        "id": "Preethi Raghavan"
      },
      {
        "id": "Ching-Huei Tsou"
      },
      {
        "id": "Piyush Madan"
      },
      {
        "id": "A. Agrawal"
      },
      {
        "id": "C. Wachira"
      },
      {
        "id": "Osebe Mogaka Samuel"
      },
      {
        "id": "Osnat Bar-Shira"
      },
      {
        "id": "Clifton Kipchirchir"
      },
      {
        "id": "Sharon Okwako"
      },
      {
        "id": "William Ogallo"
      },
      {
        "id": "Frederlck Otieno"
      },
      {
        "id": "Timothy Nyota"
      },
      {
        "id": "Fiona Matu"
      },
      {
        "id": "V. Barros"
      },
      {
        "id": "D. Shats"
      },
      {
        "id": "Oren Kagan"
      },
      {
        "id": "S. Remy"
      },
      {
        "id": "Oliver E. Bent"
      },
      {
        "id": "P. Guhan"
      },
      {
        "id": "S. Mahatma"
      },
      {
        "id": "Aisha Walcott-Bryant"
      },
      {
        "id": "Divya Pathak"
      },
      {
        "id": "Michal Rosen-Zvi"
      }
    ],
    "21": [
      {
        "id": "Omer Levy"
      },
      {
        "id": "Christopher Potts"
      },
      {
        "id": "Jonathan Berant"
      },
      {
        "id": "Zhengxuan Wu"
      },
      {
        "id": "Atticus Geiger"
      },
      {
        "id": "Brandon M Stewart"
      },
      {
        "id": "A. Hassidim"
      },
      {
        "id": "Mark Dredze"
      },
      {
        "id": "Yossi Matias"
      },
      {
        "id": "Wenhan Xiong"
      },
      {
        "id": "Diyi Yang"
      },
      {
        "id": "Ariel Goldstein"
      },
      {
        "id": "Mariano Schain"
      },
      {
        "id": "Bobbi Aubrey"
      },
      {
        "id": "Samuel A. Nastase"
      },
      {
        "id": "Zaid Zada"
      },
      {
        "id": "Amir Feder"
      },
      {
        "id": "H. Gazula"
      },
      {
        "id": "Eliav Buchnik"
      },
      {
        "id": "W. Doyle"
      },
      {
        "id": "S. Devore"
      },
      {
        "id": "Patricia Dugan"
      },
      {
        "id": "Roi Reichart"
      },
      {
        "id": "Michael Brenner"
      },
      {
        "id": "O. Devinsky"
      },
      {
        "id": "A. Flinker"
      },
      {
        "id": "Maor Ivgi"
      },
      {
        "id": "Gal Chechik"
      },
      {
        "id": "Camille Harris"
      },
      {
        "id": "Mor Geva"
      },
      {
        "id": "Karel D’Oosterlinck"
      },
      {
        "id": "U. Hasson"
      },
      {
        "id": "K. Norman"
      },
      {
        "id": "A. Howard"
      },
      {
        "id": "D. Friedman"
      },
      {
        "id": "Michael P. Brenner"
      },
      {
        "id": "J. Sohn"
      },
      {
        "id": "Uri Shaham"
      },
      {
        "id": "A. Price"
      },
      {
        "id": "Dotan Emanuel"
      },
      {
        "id": "Alon Cohen"
      },
      {
        "id": "A. Jansen"
      },
      {
        "id": "Gina Choe"
      },
      {
        "id": "Aditi Rao"
      },
      {
        "id": "Catherine Kim"
      },
      {
        "id": "Colton Casto"
      },
      {
        "id": "Lora Fanda"
      },
      {
        "id": "Lucia Melloni"
      },
      {
        "id": "Liat Hasenfratz"
      },
      {
        "id": "Elad Segal"
      },
      {
        "id": "Avia Efrat"
      },
      {
        "id": "Ori Yoran"
      },
      {
        "id": "Adi Haviv"
      },
      {
        "id": "Ankit Gupta"
      },
      {
        "id": "Nitay Calderon"
      },
      {
        "id": "Eyal Ben-David"
      },
      {
        "id": "Eldar David Abraham"
      },
      {
        "id": "Y. Gat"
      },
      {
        "id": "Matan Halevy"
      },
      {
        "id": "A. Bruckman"
      },
      {
        "id": "Tomer Volk"
      },
      {
        "id": "Ohad Amosy"
      },
      {
        "id": "Richard Futrell"
      },
      {
        "id": "Kyle Mahowald"
      },
      {
        "id": "Katherine A. Keith"
      },
      {
        "id": "Emaad A. Manzoor"
      },
      {
        "id": "Reid Pryzant"
      },
      {
        "id": "Dhanya Sridhar"
      },
      {
        "id": "Zach Wood-Doughty"
      },
      {
        "id": "Justin Grimmer"
      },
      {
        "id": "Margaret E. Roberts"
      },
      {
        "id": "Y. Chillakuru"
      },
      {
        "id": "Shourya Munjal"
      },
      {
        "id": "B. Laguna"
      },
      {
        "id": "Timothy L. Chen"
      },
      {
        "id": "Gunvant R. Chaudhari"
      },
      {
        "id": "Thienkhai Vu"
      },
      {
        "id": "Youngho Seo"
      },
      {
        "id": "J. Narvid"
      },
      {
        "id": "Entony Lekhtman"
      },
      {
        "id": "Yftah Ziser"
      },
      {
        "id": "Dongjin Choi"
      },
      {
        "id": "Shenyu Xu"
      },
      {
        "id": "Nadav Oved"
      },
      {
        "id": "Austin P. Wright"
      },
      {
        "id": "Omar Shaikh"
      },
      {
        "id": "Haekyu Park"
      },
      {
        "id": "Will Epperson"
      },
      {
        "id": "Muhammed Ahmed"
      },
      {
        "id": "Stephane Pinel"
      },
      {
        "id": "Duen Horng Chau"
      },
      {
        "id": "J. Rozner"
      },
      {
        "id": "Uri Katz"
      },
      {
        "id": "Aviv Ben-Arie"
      },
      {
        "id": "I. Shpitser"
      },
      {
        "id": "S. Gordin"
      },
      {
        "id": "Gai Gutherz"
      },
      {
        "id": "Ariel Elazary"
      },
      {
        "id": "Avital Romach"
      },
      {
        "id": "Enrique Jiménez"
      },
      {
        "id": "Yoram Cohen"
      },
      {
        "id": "A. Callen"
      },
      {
        "id": "S. Dupont"
      },
      {
        "id": "D. McCoy"
      },
      {
        "id": "Bao H. Do"
      },
      {
        "id": "J. Talbott"
      },
      {
        "id": "M. Kohli"
      },
      {
        "id": "Max Emerling"
      },
      {
        "id": "Y. Seo"
      },
      {
        "id": "Fanda Lora"
      },
      {
        "id": "Rotem Dror"
      },
      {
        "id": "Lotem Peled-Cohen"
      },
      {
        "id": "Segev Shlomov"
      },
      {
        "id": "Emrah Budur"
      },
      {
        "id": "Riza Ozccelik"
      },
      {
        "id": "T. Gungor"
      },
      {
        "id": "Michael Hahn"
      },
      {
        "id": "Judith Degen"
      },
      {
        "id": "George Kachergis"
      },
      {
        "id": "Michael C. Frank"
      }
    ],
    "22": [
      {
        "id": "Lukasz Kaiser"
      },
      {
        "id": "Alec Radford"
      },
      {
        "id": "Jeff Wu"
      },
      {
        "id": "R. Child"
      },
      {
        "id": "Dario Amodei"
      },
      {
        "id": "I. Sutskever"
      },
      {
        "id": "Tom B. Brown"
      },
      {
        "id": "Benjamin Mann"
      },
      {
        "id": "Nick Ryder"
      },
      {
        "id": "Melanie Subbiah"
      },
      {
        "id": "J. Kaplan"
      },
      {
        "id": "Prafulla Dhariwal"
      },
      {
        "id": "Arvind Neelakantan"
      },
      {
        "id": "Pranav Shyam"
      },
      {
        "id": "Girish Sastry"
      },
      {
        "id": "Amanda Askell"
      },
      {
        "id": "Sandhini Agarwal"
      },
      {
        "id": "Ariel Herbert-Voss"
      },
      {
        "id": "Gretchen Krueger"
      },
      {
        "id": "T. Henighan"
      },
      {
        "id": "A. Ramesh"
      },
      {
        "id": "Daniel M. Ziegler"
      },
      {
        "id": "Clemens Winter"
      },
      {
        "id": "Christopher Hesse"
      },
      {
        "id": "Mark Chen"
      },
      {
        "id": "Eric Sigler"
      },
      {
        "id": "Ma-teusz Litwin"
      },
      {
        "id": "Scott Gray"
      },
      {
        "id": "Benjamin Chess"
      },
      {
        "id": "Jack Clark"
      },
      {
        "id": "Christopher Berner"
      },
      {
        "id": "Sam McCandlish"
      },
      {
        "id": "Elizabeth Barnes"
      },
      {
        "id": "S. Kreps"
      },
      {
        "id": "Miles McCain"
      },
      {
        "id": "Miles Brundage"
      },
      {
        "id": "M. Patwary"
      },
      {
        "id": "Raul Puri"
      },
      {
        "id": "P. LeGresley"
      },
      {
        "id": "Bryan Catanzaro"
      },
      {
        "id": "Heewoo Jun"
      },
      {
        "id": "Alex Ray"
      },
      {
        "id": "Wojciech Zaremba"
      },
      {
        "id": "John Schulman"
      },
      {
        "id": "Long Ouyang"
      },
      {
        "id": "Xu Jiang"
      },
      {
        "id": "Diogo Almeida"
      },
      {
        "id": "Carroll L. Wainwright"
      },
      {
        "id": "Pamela Mishkin"
      },
      {
        "id": "Chong Zhang"
      },
      {
        "id": "Katarina Slama"
      },
      {
        "id": "Jacob Hilton"
      },
      {
        "id": "Fraser Kelton"
      },
      {
        "id": "Luke E. Miller"
      },
      {
        "id": "Maddie Simens"
      },
      {
        "id": "P. Welinder"
      },
      {
        "id": "P. Christiano"
      },
      {
        "id": "Jan Leike"
      },
      {
        "id": "Ryan J. Lowe"
      },
      {
        "id": "Jerry Tworek"
      },
      {
        "id": "Qiming Yuan"
      },
      {
        "id": "Henrique Pondé"
      },
      {
        "id": "Jared Kaplan"
      },
      {
        "id": "Harrison Edwards"
      },
      {
        "id": "Yura Burda"
      },
      {
        "id": "Nicholas Joseph"
      },
      {
        "id": "Greg Brockman"
      },
      {
        "id": "Michael Petrov"
      },
      {
        "id": "Heidy Khlaaf"
      },
      {
        "id": "Brooke Chan"
      },
      {
        "id": "Mikhail Pavlov"
      },
      {
        "id": "Alethea Power"
      },
      {
        "id": "Mo Bavarian"
      },
      {
        "id": "Phil Tillet"
      },
      {
        "id": "F. Such"
      },
      {
        "id": "D. Cummings"
      },
      {
        "id": "Matthias Plappert"
      },
      {
        "id": "Fotios Chantzis"
      },
      {
        "id": "William H. Guss"
      },
      {
        "id": "Alex Nichol"
      },
      {
        "id": "Igor Babuschkin"
      },
      {
        "id": "S. Balaji"
      },
      {
        "id": "Shantanu Jain"
      },
      {
        "id": "A. Carr"
      },
      {
        "id": "Josh Achiam"
      },
      {
        "id": "Evan Morikawa"
      },
      {
        "id": "M. Knight"
      },
      {
        "id": "Mira Murati"
      },
      {
        "id": "Katie Mayer"
      },
      {
        "id": "Bob McGrew"
      },
      {
        "id": "Jong Wook Kim"
      },
      {
        "id": "Chris Hallacy"
      },
      {
        "id": "Gabriel Goh"
      },
      {
        "id": "Beakcheol Jang"
      },
      {
        "id": "Yuxiong He"
      },
      {
        "id": "Shrimai Prabhumoye"
      },
      {
        "id": "Benedikt Winter"
      },
      {
        "id": "J. Schilling"
      },
      {
        "id": "A. Bardow"
      },
      {
        "id": "Brandon Norick"
      },
      {
        "id": "Zhun Liu"
      },
      {
        "id": "George Zerveas"
      },
      {
        "id": "V. Korthikanti"
      },
      {
        "id": "Elton Zhang"
      },
      {
        "id": "Reza Yazdani Aminabadi"
      },
      {
        "id": "J. Bernauer"
      },
      {
        "id": "Xia Song"
      },
      {
        "id": "Michael Houston"
      },
      {
        "id": "Saurabh Tiwary"
      },
      {
        "id": "Niranjan Uma Naresh"
      },
      {
        "id": "Connor Holmes"
      },
      {
        "id": "Bo Wu"
      },
      {
        "id": "E. Kasthuri"
      },
      {
        "id": "Dr. S. Balaji"
      },
      {
        "id": "Myeonghwi Kim"
      },
      {
        "id": "Gaspard Harerimana"
      },
      {
        "id": "SangUk Kang"
      },
      {
        "id": "B. Stephen"
      },
      {
        "id": "S. Mcarthur"
      }
    ],
    "54": [
      {
        "id": "P. Azunre"
      },
      {
        "id": "S. Addo"
      },
      {
        "id": "Lawrence Asamoah Adu-Gyamfi"
      },
      {
        "id": "Stephen E. Moore"
      },
      {
        "id": "Bernard Adabankah"
      },
      {
        "id": "Bernard Opoku"
      },
      {
        "id": "Clara Asare-Nyarko"
      },
      {
        "id": "S. Nyarko"
      },
      {
        "id": "Cynthia Amoaba"
      },
      {
        "id": "Esther Dansoa Appiah"
      },
      {
        "id": "Felix Akwerh"
      },
      {
        "id": "Richard Nii Lante Lawson"
      },
      {
        "id": "Joel Budu"
      },
      {
        "id": "E. Debrah"
      },
      {
        "id": "N. Boateng"
      },
      {
        "id": "Wisdom Ofori"
      },
      {
        "id": "Edwin Buabeng-Munkoh"
      },
      {
        "id": "F. Adjei"
      },
      {
        "id": "Isaac. K. E. Ampomah"
      },
      {
        "id": "Joseph Otoo."
      },
      {
        "id": "R. Borkor"
      },
      {
        "id": "Standylove Birago Mensah"
      },
      {
        "id": "Lucien Mensah"
      },
      {
        "id": "Mark Amoako Marcel"
      },
      {
        "id": "A. A. Amponsah"
      },
      {
        "id": "J. B. Hayfron-Acquah"
      }
    ],
    "24": [
      {
        "id": "Xin Wang"
      },
      {
        "id": "M. Zaheer"
      },
      {
        "id": "A. Rawat"
      },
      {
        "id": "Hong Chen"
      },
      {
        "id": "K. Wagholikar"
      },
      {
        "id": "C. Anderson"
      },
      {
        "id": "Jonathan W. Cunningham"
      },
      {
        "id": "Pulkit Singh"
      },
      {
        "id": "C. Reeder"
      },
      {
        "id": "Emily S. Lau"
      },
      {
        "id": "S. Khurshid"
      },
      {
        "id": "P. Batra"
      },
      {
        "id": "S. Lubitz"
      },
      {
        "id": "A. Philippakis"
      },
      {
        "id": "P. Ellinor"
      },
      {
        "id": "Jennifer E. Ho"
      },
      {
        "id": "Wenwu Zhu"
      },
      {
        "id": "S. Murphy"
      },
      {
        "id": "J. Cunningham"
      },
      {
        "id": "Guangxi Li"
      },
      {
        "id": "Michal Lukasik"
      },
      {
        "id": "Zong-xiao Li"
      },
      {
        "id": "Surinder Kumar"
      },
      {
        "id": "Yi Gao"
      },
      {
        "id": "Jeffrey M. Ashburner"
      },
      {
        "id": "Yuchiao Chang"
      },
      {
        "id": "Christopher D. Anderson"
      },
      {
        "id": "Kumar P Dahal"
      },
      {
        "id": "Dana Weisenfeld"
      },
      {
        "id": "T. Cai"
      },
      {
        "id": "K. Liao"
      },
      {
        "id": "S. Atlas"
      },
      {
        "id": "Daniel E. Singer"
      },
      {
        "id": "Daliang Li"
      },
      {
        "id": "Andreas Veit"
      },
      {
        "id": "Felix X. Yu"
      },
      {
        "id": "Chong You"
      },
      {
        "id": "Srinadh Bhojanapalli"
      },
      {
        "id": "Sashank J. Reddi"
      },
      {
        "id": "Kenneth Q Ye"
      },
      {
        "id": "Felix Chern"
      },
      {
        "id": "Ruiqi Guo"
      },
      {
        "id": "Siao Tang"
      },
      {
        "id": "C. Qian"
      },
      {
        "id": "R. Orsi"
      },
      {
        "id": "M. Wiedmann"
      },
      {
        "id": "Lia X. Harrington"
      },
      {
        "id": "Gopal Sarma"
      },
      {
        "id": "Sam F Friedman"
      },
      {
        "id": "P. Di Achille"
      },
      {
        "id": "Nathaniel Diamant"
      },
      {
        "id": "Ashby C Turner"
      },
      {
        "id": "Julian S. Haimovich"
      },
      {
        "id": "M. Al-Alusi"
      },
      {
        "id": "M. Klarqvist"
      },
      {
        "id": "Christian Diedrich"
      },
      {
        "id": "M. Ghadessi"
      },
      {
        "id": "Johanna Mielke"
      },
      {
        "id": "Hanna M. Eilken"
      },
      {
        "id": "Alice McElhinney"
      },
      {
        "id": "Andrea Derix"
      },
      {
        "id": "Steven J Atlas"
      },
      {
        "id": "Xuanqiang Zhao"
      },
      {
        "id": "E. Gordon-Rodríguez"
      },
      {
        "id": "Thomas P. Quinn"
      },
      {
        "id": "Xia Sun"
      },
      {
        "id": "R. Sutcliffe"
      },
      {
        "id": "S. Guo"
      },
      {
        "id": "Jun Feng"
      },
      {
        "id": "Fiona Cai"
      },
      {
        "id": "Gabrielle Cremone"
      },
      {
        "id": "E. Lam"
      },
      {
        "id": "Charlotte Golnik"
      },
      {
        "id": "Thany Seyok"
      },
      {
        "id": "C. Hong"
      },
      {
        "id": "Tianxi Cai"
      },
      {
        "id": "Mustafa Mhamed"
      },
      {
        "id": "Eiad Almekhlafi"
      },
      {
        "id": "E. A. Retta"
      },
      {
        "id": "S. Friedman"
      },
      {
        "id": "P. Achille"
      },
      {
        "id": "N. Diamant"
      },
      {
        "id": "J. Mielke"
      },
      {
        "id": "A. McElhinney"
      },
      {
        "id": "Yudong Chen"
      },
      {
        "id": "Guohao Li"
      },
      {
        "id": "Chulhee Yun"
      }
    ]
  }
}