{
  "window": "2017_2019",
  "top5_authors_per_cluster": {
    "59": [
      {
        "author": "Heladia Salgado",
        "total_internal_collab_weight": 24.0
      },
      {
        "author": "S. Gama-Castro",
        "total_internal_collab_weight": 24.0
      },
      {
        "author": "Laura Gómez-Romero",
        "total_internal_collab_weight": 24.0
      },
      {
        "author": "Pablo Peña-Loredo",
        "total_internal_collab_weight": 24.0
      },
      {
        "author": "J. García-Sotelo",
        "total_internal_collab_weight": 24.0
      },
      {
        "author": "Carlos-Francisco Méndez-Cruz",
        "total_internal_collab_weight": 24.0
      },
      {
        "author": "César Bonavides-Martínez",
        "total_internal_collab_weight": 24.0
      },
      {
        "author": "J. Galagan",
        "total_internal_collab_weight": 24.0
      },
      {
        "author": "J. Collado-Vides",
        "total_internal_collab_weight": 24.0
      },
      {
        "author": "Alberto Santos-Zavaleta",
        "total_internal_collab_weight": 16.0
      },
      {
        "author": "Mishael Sánchez-Pérez",
        "total_internal_collab_weight": 16.0
      },
      {
        "author": "Daniela Ledezma-Tejeida",
        "total_internal_collab_weight": 16.0
      },
      {
        "author": "Kevin Alquicira-Hernández",
        "total_internal_collab_weight": 16.0
      },
      {
        "author": "Luis Muñiz-Rascado",
        "total_internal_collab_weight": 16.0
      },
      {
        "author": "C. Ishida-Gutiérrez",
        "total_internal_collab_weight": 16.0
      },
      {
        "author": "David A. Velázquez-Ramírez",
        "total_internal_collab_weight": 16.0
      },
      {
        "author": "Victor del Moral-Chávez",
        "total_internal_collab_weight": 16.0
      }
    ],
    "42": [
      {
        "author": "R. Sifa",
        "total_internal_collab_weight": 41.0
      },
      {
        "author": "Rajkumar Ramamurthy",
        "total_internal_collab_weight": 39.0
      },
      {
        "author": "C. Bauckhage",
        "total_internal_collab_weight": 39.0
      },
      {
        "author": "L. Hillebrand",
        "total_internal_collab_weight": 35.0
      },
      {
        "author": "Anna Ladi",
        "total_internal_collab_weight": 35.0
      },
      {
        "author": "Maren Pielka",
        "total_internal_collab_weight": 35.0
      },
      {
        "author": "Max Lübbering",
        "total_internal_collab_weight": 31.0
      },
      {
        "author": "D. Biesner",
        "total_internal_collab_weight": 31.0
      },
      {
        "author": "Robin Stenzel",
        "total_internal_collab_weight": 30.0
      },
      {
        "author": "Rüdiger Loitz",
        "total_internal_collab_weight": 30.0
      },
      {
        "author": "Birgit Kirsch",
        "total_internal_collab_weight": 21.0
      },
      {
        "author": "Thiago Bell",
        "total_internal_collab_weight": 21.0
      },
      {
        "author": "Ulrich Nütten",
        "total_internal_collab_weight": 21.0
      },
      {
        "author": "Ulrich Warning",
        "total_internal_collab_weight": 21.0
      },
      {
        "author": "Benedikt Fürst",
        "total_internal_collab_weight": 21.0
      },
      {
        "author": "T. Khameneh",
        "total_internal_collab_weight": 21.0
      },
      {
        "author": "Daniel Thom",
        "total_internal_collab_weight": 21.0
      },
      {
        "author": "Ilgar Huseynov",
        "total_internal_collab_weight": 21.0
      },
      {
        "author": "Roland Kahlert",
        "total_internal_collab_weight": 21.0
      },
      {
        "author": "Jennifer Schlums",
        "total_internal_collab_weight": 21.0
      },
      {
        "author": "Hisham Ismail",
        "total_internal_collab_weight": 21.0
      },
      {
        "author": "Bernd Kliem",
        "total_internal_collab_weight": 21.0
      }
    ],
    "11": [
      {
        "author": "Wei Yu",
        "total_internal_collab_weight": 101.0
      },
      {
        "author": "N. Nguyen",
        "total_internal_collab_weight": 100.0
      },
      {
        "author": "Bo Wang",
        "total_internal_collab_weight": 79.0
      },
      {
        "author": "Huiying Liang",
        "total_internal_collab_weight": 70.0
      },
      {
        "author": "B. Tsui",
        "total_internal_collab_weight": 70.0
      },
      {
        "author": "H. Ni",
        "total_internal_collab_weight": 70.0
      },
      {
        "author": "C. Valentim",
        "total_internal_collab_weight": 70.0
      },
      {
        "author": "Sally L. Baxter",
        "total_internal_collab_weight": 70.0
      },
      {
        "author": "Guangjian Liu",
        "total_internal_collab_weight": 70.0
      },
      {
        "author": "Wenjia Cai",
        "total_internal_collab_weight": 70.0
      },
      {
        "author": "Daniel S. Kermany",
        "total_internal_collab_weight": 70.0
      },
      {
        "author": "Xin Sun",
        "total_internal_collab_weight": 70.0
      },
      {
        "author": "Jiancong Chen",
        "total_internal_collab_weight": 70.0
      },
      {
        "author": "Liya He",
        "total_internal_collab_weight": 70.0
      },
      {
        "author": "Jie Zhu",
        "total_internal_collab_weight": 70.0
      },
      {
        "author": "Pin Tian",
        "total_internal_collab_weight": 70.0
      },
      {
        "author": "Hua Shao",
        "total_internal_collab_weight": 70.0
      },
      {
        "author": "Lianghong Zheng",
        "total_internal_collab_weight": 70.0
      },
      {
        "author": "Rui Hou",
        "total_internal_collab_weight": 70.0
      },
      {
        "author": "Sierra Hewett",
        "total_internal_collab_weight": 70.0
      },
      {
        "author": "Gen Li",
        "total_internal_collab_weight": 70.0
      },
      {
        "author": "P. Liang",
        "total_internal_collab_weight": 70.0
      },
      {
        "author": "Xuan Zang",
        "total_internal_collab_weight": 70.0
      },
      {
        "author": "Zhiqi Zhang",
        "total_internal_collab_weight": 70.0
      },
      {
        "author": "Liyan Pan",
        "total_internal_collab_weight": 70.0
      },
      {
        "author": "Huimin Cai",
        "total_internal_collab_weight": 70.0
      },
      {
        "author": "Rujuan Ling",
        "total_internal_collab_weight": 70.0
      },
      {
        "author": "Shuhua Li",
        "total_internal_collab_weight": 70.0
      },
      {
        "author": "Yongwang Cui",
        "total_internal_collab_weight": 70.0
      },
      {
        "author": "Shusheng Tang",
        "total_internal_collab_weight": 70.0
      },
      {
        "author": "Hong Ye",
        "total_internal_collab_weight": 70.0
      },
      {
        "author": "Xiaoyan Huang",
        "total_internal_collab_weight": 70.0
      },
      {
        "author": "Waner He",
        "total_internal_collab_weight": 70.0
      },
      {
        "author": "Wenqing Liang",
        "total_internal_collab_weight": 70.0
      },
      {
        "author": "Qing Zhang",
        "total_internal_collab_weight": 70.0
      },
      {
        "author": "Jianmin Jiang",
        "total_internal_collab_weight": 70.0
      },
      {
        "author": "Jianqun Gao",
        "total_internal_collab_weight": 70.0
      },
      {
        "author": "Wanxing Ou",
        "total_internal_collab_weight": 70.0
      },
      {
        "author": "Ying Deng",
        "total_internal_collab_weight": 70.0
      },
      {
        "author": "Qiaozhen Hou",
        "total_internal_collab_weight": 70.0
      },
      {
        "author": "Bei Wang",
        "total_internal_collab_weight": 70.0
      },
      {
        "author": "Cuichan Yao",
        "total_internal_collab_weight": 70.0
      },
      {
        "author": "Yan Liang",
        "total_internal_collab_weight": 70.0
      },
      {
        "author": "Shu Zhang",
        "total_internal_collab_weight": 70.0
      },
      {
        "author": "Yaou Duan",
        "total_internal_collab_weight": 70.0
      },
      {
        "author": "Runze Zhang",
        "total_internal_collab_weight": 70.0
      },
      {
        "author": "Sarah Gibson",
        "total_internal_collab_weight": 70.0
      },
      {
        "author": "Charlotte L. Zhang",
        "total_internal_collab_weight": 70.0
      },
      {
        "author": "Oulan Li",
        "total_internal_collab_weight": 70.0
      },
      {
        "author": "Edward Zhang",
        "total_internal_collab_weight": 70.0
      },
      {
        "author": "Gabriel Karin",
        "total_internal_collab_weight": 70.0
      },
      {
        "author": "Xiaokang Wu",
        "total_internal_collab_weight": 70.0
      },
      {
        "author": "Cindy Wen",
        "total_internal_collab_weight": 70.0
      },
      {
        "author": "Jie Xu",
        "total_internal_collab_weight": 70.0
      },
      {
        "author": "Wenqin Xu",
        "total_internal_collab_weight": 70.0
      },
      {
        "author": "Winston Wang",
        "total_internal_collab_weight": 70.0
      },
      {
        "author": "Jing Li",
        "total_internal_collab_weight": 70.0
      },
      {
        "author": "B. Pizzato",
        "total_internal_collab_weight": 70.0
      },
      {
        "author": "Caroline Bao",
        "total_internal_collab_weight": 70.0
      },
      {
        "author": "Daoman Xiang",
        "total_internal_collab_weight": 70.0
      }
    ],
    "45": [
      {
        "author": "Alec Radford",
        "total_internal_collab_weight": 45.0
      },
      {
        "author": "Jeff Wu",
        "total_internal_collab_weight": 34.0
      },
      {
        "author": "Dario Amodei",
        "total_internal_collab_weight": 32.0
      },
      {
        "author": "R. Child",
        "total_internal_collab_weight": 19.0
      },
      {
        "author": "I. Sutskever",
        "total_internal_collab_weight": 18.0
      },
      {
        "author": "Tom B. Brown",
        "total_internal_collab_weight": 15.0
      },
      {
        "author": "Amanda Askell",
        "total_internal_collab_weight": 15.0
      },
      {
        "author": "Ariel Herbert-Voss",
        "total_internal_collab_weight": 14.0
      },
      {
        "author": "Jack Clark",
        "total_internal_collab_weight": 13.0
      },
      {
        "author": "Daniel M. Ziegler",
        "total_internal_collab_weight": 12.0
      },
      {
        "author": "Scott Gray",
        "total_internal_collab_weight": 11.0
      },
      {
        "author": "Miles Brundage",
        "total_internal_collab_weight": 9.0
      },
      {
        "author": "Sam McCandlish",
        "total_internal_collab_weight": 8.0
      },
      {
        "author": "Nisan Stiennon",
        "total_internal_collab_weight": 7.0
      },
      {
        "author": "Paul Christiano",
        "total_internal_collab_weight": 7.0
      },
      {
        "author": "G. Irving",
        "total_internal_collab_weight": 7.0
      },
      {
        "author": "Irene Solaiman",
        "total_internal_collab_weight": 7.0
      },
      {
        "author": "Jasmine Wang",
        "total_internal_collab_weight": 7.0
      },
      {
        "author": "J. Kaplan",
        "total_internal_collab_weight": 7.0
      },
      {
        "author": "D. Luan",
        "total_internal_collab_weight": 6.0
      },
      {
        "author": "OpenAI Dota Team",
        "total_internal_collab_weight": 3.0
      }
    ],
    "14": [
      {
        "author": "T. Cai",
        "total_internal_collab_weight": 153.0
      },
      {
        "author": "K. Liao",
        "total_internal_collab_weight": 63.0
      },
      {
        "author": "I. Kohane",
        "total_internal_collab_weight": 59.0
      },
      {
        "author": "C. Hong",
        "total_internal_collab_weight": 57.0
      },
      {
        "author": "Sheng Yu",
        "total_internal_collab_weight": 56.0
      },
      {
        "author": "Jie Huang",
        "total_internal_collab_weight": 55.0
      },
      {
        "author": "Dmitriy Dligach",
        "total_internal_collab_weight": 54.0
      },
      {
        "author": "M. Afshar",
        "total_internal_collab_weight": 53.0
      },
      {
        "author": "V. Gainer",
        "total_internal_collab_weight": 52.0
      },
      {
        "author": "S. Murphy",
        "total_internal_collab_weight": 50.0
      },
      {
        "author": "E. Karlson",
        "total_internal_collab_weight": 48.0
      },
      {
        "author": "Yichi Zhang",
        "total_internal_collab_weight": 46.0
      },
      {
        "author": "Kelly Cho",
        "total_internal_collab_weight": 46.0
      },
      {
        "author": "Jiehuan Sun",
        "total_internal_collab_weight": 46.0
      },
      {
        "author": "Y. Ho",
        "total_internal_collab_weight": 46.0
      },
      {
        "author": "V. Castro",
        "total_internal_collab_weight": 46.0
      },
      {
        "author": "N. Link",
        "total_internal_collab_weight": 46.0
      },
      {
        "author": "Peter Szolovits",
        "total_internal_collab_weight": 46.0
      },
      {
        "author": "C. O’Donnell",
        "total_internal_collab_weight": 46.0
      },
      {
        "author": "J. Gaziano",
        "total_internal_collab_weight": 46.0
      },
      {
        "author": "G. Savova",
        "total_internal_collab_weight": 38.0
      },
      {
        "author": "C. Joyce",
        "total_internal_collab_weight": 36.0
      },
      {
        "author": "A. Ananthakrishnan",
        "total_internal_collab_weight": 34.0
      },
      {
        "author": "Ron Price",
        "total_internal_collab_weight": 28.0
      },
      {
        "author": "Zongqi Xia",
        "total_internal_collab_weight": 27.0
      },
      {
        "author": "S. Shaw",
        "total_internal_collab_weight": 27.0
      },
      {
        "author": "J. Honerlaw",
        "total_internal_collab_weight": 27.0
      },
      {
        "author": "Sicong Huang",
        "total_internal_collab_weight": 27.0
      },
      {
        "author": "D. Gagnon",
        "total_internal_collab_weight": 27.0
      },
      {
        "author": "R. Plenge",
        "total_internal_collab_weight": 27.0
      },
      {
        "author": "S. Churchill",
        "total_internal_collab_weight": 27.0
      },
      {
        "author": "M. Churpek",
        "total_internal_collab_weight": 24.0
      },
      {
        "author": "Jessica L. Gronsbell",
        "total_internal_collab_weight": 23.0
      },
      {
        "author": "Timothy Miller",
        "total_internal_collab_weight": 21.0
      },
      {
        "author": "J. Huffman",
        "total_internal_collab_weight": 19.0
      },
      {
        "author": "Qiu-Yue Zhong",
        "total_internal_collab_weight": 19.0
      },
      {
        "author": "S. Finan",
        "total_internal_collab_weight": 19.0
      },
      {
        "author": "B. Gelaye",
        "total_internal_collab_weight": 19.0
      },
      {
        "author": "P. Avillach",
        "total_internal_collab_weight": 19.0
      },
      {
        "author": "J. Smoller",
        "total_internal_collab_weight": 19.0
      },
      {
        "author": "Michelle A Williams",
        "total_internal_collab_weight": 19.0
      },
      {
        "author": "G. Tourassi",
        "total_internal_collab_weight": 18.0
      },
      {
        "author": "R. Cooper",
        "total_internal_collab_weight": 18.0
      },
      {
        "author": "Brihat Sharma",
        "total_internal_collab_weight": 17.0
      },
      {
        "author": "Xu Shi",
        "total_internal_collab_weight": 13.0
      },
      {
        "author": "Andrew Beam",
        "total_internal_collab_weight": 13.0
      },
      {
        "author": "Benjamin Kompa",
        "total_internal_collab_weight": 13.0
      },
      {
        "author": "Inbar Fried",
        "total_internal_collab_weight": 13.0
      },
      {
        "author": "N. Palmer",
        "total_internal_collab_weight": 13.0
      },
      {
        "author": "Tianxi Cai",
        "total_internal_collab_weight": 13.0
      },
      {
        "author": "Richard Gonzalez",
        "total_internal_collab_weight": 12.0
      },
      {
        "author": "Leena Mittal",
        "total_internal_collab_weight": 12.0
      },
      {
        "author": "M. Nathan",
        "total_internal_collab_weight": 12.0
      },
      {
        "author": "Kara M Brown",
        "total_internal_collab_weight": 12.0
      },
      {
        "author": "Deborah Knudson González",
        "total_internal_collab_weight": 12.0
      },
      {
        "author": "D. Bitterman",
        "total_internal_collab_weight": 11.0
      },
      {
        "author": "Chen Lin",
        "total_internal_collab_weight": 11.0
      },
      {
        "author": "N. Karnik",
        "total_internal_collab_weight": 11.0
      },
      {
        "author": "Hong-Jun Yoon",
        "total_internal_collab_weight": 11.0
      },
      {
        "author": "J. Warner",
        "total_internal_collab_weight": 10.0
      }
    ],
    "77": [
      {
        "author": "Mauro Gatti",
        "total_internal_collab_weight": 25.0
      },
      {
        "author": "R. Mené",
        "total_internal_collab_weight": 25.0
      },
      {
        "author": "D. Shiffer",
        "total_internal_collab_weight": 25.0
      },
      {
        "author": "Alessandro Giaj Levra",
        "total_internal_collab_weight": 25.0
      },
      {
        "author": "E. Brunetta",
        "total_internal_collab_weight": 25.0
      },
      {
        "author": "F. Dipaola",
        "total_internal_collab_weight": 25.0
      },
      {
        "author": "R. Furlan",
        "total_internal_collab_weight": 20.0
      },
      {
        "author": "Veronica Pacetti",
        "total_internal_collab_weight": 14.0
      },
      {
        "author": "A. Bottaccioli",
        "total_internal_collab_weight": 14.0
      },
      {
        "author": "M. Minonzio",
        "total_internal_collab_weight": 14.0
      },
      {
        "author": "M. Solbiati",
        "total_internal_collab_weight": 14.0
      },
      {
        "author": "G. Costantino",
        "total_internal_collab_weight": 14.0
      },
      {
        "author": "Marco Anastasio",
        "total_internal_collab_weight": 14.0
      },
      {
        "author": "Elena Sini",
        "total_internal_collab_weight": 14.0
      },
      {
        "author": "F. Barbic",
        "total_internal_collab_weight": 14.0
      }
    ],
    "18": [
      {
        "author": "Jonathan Allen Dr",
        "total_internal_collab_weight": 78.0
      },
      {
        "author": "Allen",
        "total_internal_collab_weight": 78.0
      },
      {
        "author": "Dr Perrault",
        "total_internal_collab_weight": 78.0
      },
      {
        "author": "Vladimlr D Arakin",
        "total_internal_collab_weight": 78.0
      },
      {
        "author": "Nikolaj A Baskakov",
        "total_internal_collab_weight": 78.0
      },
      {
        "author": "Trofim A Bertagaev",
        "total_internal_collab_weight": 78.0
      },
      {
        "author": "Nikolaj S Cemodanov",
        "total_internal_collab_weight": 78.0
      },
      {
        "author": "Yunus D Deserlev",
        "total_internal_collab_weight": 78.0
      },
      {
        "author": "Nlnel Z Gadzleva",
        "total_internal_collab_weight": 78.0
      },
      {
        "author": "M. M. Guxman",
        "total_internal_collab_weight": 78.0
      },
      {
        "author": "Georgij A Kllmov",
        "total_internal_collab_weight": 78.0
      },
      {
        "author": "Renat G Rotov",
        "total_internal_collab_weight": 78.0
      },
      {
        "author": "G. V. Kolsanskij",
        "total_internal_collab_weight": 78.0
      },
      {
        "author": "Muxmed A K x w",
        "total_internal_collab_weight": 78.0
      },
      {
        "author": "Mara E Majtinskaga",
        "total_internal_collab_weight": 78.0
      },
      {
        "author": "SeLgej A Mironov",
        "total_internal_collab_weight": 78.0
      },
      {
        "author": "Kenesbaj M Musaev",
        "total_internal_collab_weight": 78.0
      },
      {
        "author": "Vera S Fastorgueva",
        "total_internal_collab_weight": 78.0
      },
      {
        "author": "Natalja F Pl",
        "total_internal_collab_weight": 78.0
      },
      {
        "author": "usareva Aleksandr",
        "total_internal_collab_weight": 78.0
      },
      {
        "author": "Dm S v e j t s e r",
        "total_internal_collab_weight": 78.0
      },
      {
        "author": "Edgem R l k n i s e v",
        "total_internal_collab_weight": 78.0
      },
      {
        "author": "Oleg N Trubacev",
        "total_internal_collab_weight": 78.0
      },
      {
        "author": "Said M kajdakov",
        "total_internal_collab_weight": 78.0
      },
      {
        "author": "Jgor' F Vardul",
        "total_internal_collab_weight": 78.0
      },
      {
        "author": "Toronto Canada",
        "total_internal_collab_weight": 78.0
      },
      {
        "author": "DE We",
        "total_internal_collab_weight": 78.0
      },
      {
        "author": "Bakker Mathematisch",
        "total_internal_collab_weight": 78.0
      },
      {
        "author": "Centrum The Nether1 ands",
        "total_internal_collab_weight": 78.0
      },
      {
        "author": "MR Paul Baran",
        "total_internal_collab_weight": 78.0
      },
      {
        "author": "Cabledata Associated",
        "total_internal_collab_weight": 78.0
      },
      {
        "author": "PROF. F. P Brooks",
        "total_internal_collab_weight": 78.0
      },
      {
        "author": "F. North",
        "total_internal_collab_weight": 78.0
      },
      {
        "author": "Prof M.A Gavrilov",
        "total_internal_collab_weight": 78.0
      },
      {
        "author": "DR J Hatvany",
        "total_internal_collab_weight": 78.0
      },
      {
        "author": "Hungarian Academy o f Sciences",
        "total_internal_collab_weight": 78.0
      },
      {
        "author": "N. .. H. Uni",
        "total_internal_collab_weight": 78.0
      },
      {
        "author": "versi t y o f Toronto Canada",
        "total_internal_collab_weight": 78.0
      },
      {
        "author": "Royal York Hotel",
        "total_internal_collab_weight": 78.0
      },
      {
        "author": "Toronto August",
        "total_internal_collab_weight": 78.0
      },
      {
        "author": "Acm Szgact",
        "total_internal_collab_weight": 78.0
      },
      {
        "author": "Sigsam Program",
        "total_internal_collab_weight": 78.0
      },
      {
        "author": "Shmuel Wlnograd",
        "total_internal_collab_weight": 78.0
      },
      {
        "author": "Stephen W Miller",
        "total_internal_collab_weight": 78.0
      },
      {
        "author": "Stanford Research Institute",
        "total_internal_collab_weight": 78.0
      },
      {
        "author": "George Kenny North",
        "total_internal_collab_weight": 78.0
      },
      {
        "author": "American Philips",
        "total_internal_collab_weight": 78.0
      },
      {
        "author": "Richard S Hall",
        "total_internal_collab_weight": 78.0
      },
      {
        "author": "Martin Marietta",
        "total_internal_collab_weight": 78.0
      },
      {
        "author": "S. Application",
        "total_internal_collab_weight": 78.0
      },
      {
        "author": "J. Shemer",
        "total_internal_collab_weight": 78.0
      },
      {
        "author": "David Cronshaw",
        "total_internal_collab_weight": 78.0
      },
      {
        "author": "David H. Hartke",
        "total_internal_collab_weight": 78.0
      },
      {
        "author": "Richard Keddy",
        "total_internal_collab_weight": 78.0
      },
      {
        "author": "Warren Sterling",
        "total_internal_collab_weight": 78.0
      },
      {
        "author": "Bill Turner",
        "total_internal_collab_weight": 78.0
      },
      {
        "author": "Xerox Corporation",
        "total_internal_collab_weight": 78.0
      },
      {
        "author": "M. Hadjioannou",
        "total_internal_collab_weight": 78.0
      },
      {
        "author": "R. Muntz",
        "total_internal_collab_weight": 78.0
      },
      {
        "author": "G. C. P. E. Margaret T Fischer Consultant",
        "total_internal_collab_weight": 78.0
      }
    ],
    "20": [
      {
        "author": "Alexander M. Rush",
        "total_internal_collab_weight": 88.0
      },
      {
        "author": "Thomas Wolf",
        "total_internal_collab_weight": 79.0
      },
      {
        "author": "Victor Sanh",
        "total_internal_collab_weight": 74.0
      },
      {
        "author": "Yacine Jernite",
        "total_internal_collab_weight": 69.0
      },
      {
        "author": "Teven Le Scao",
        "total_internal_collab_weight": 65.0
      },
      {
        "author": "Patrick von Platen",
        "total_internal_collab_weight": 65.0
      },
      {
        "author": "Canwen Xu",
        "total_internal_collab_weight": 64.0
      },
      {
        "author": "Quentin Lhoest",
        "total_internal_collab_weight": 64.0
      },
      {
        "author": "J. Plu",
        "total_internal_collab_weight": 63.0
      },
      {
        "author": "Julien Chaumond",
        "total_internal_collab_weight": 60.0
      },
      {
        "author": "Lysandre Debut",
        "total_internal_collab_weight": 60.0
      },
      {
        "author": "Mariama Drame",
        "total_internal_collab_weight": 57.0
      },
      {
        "author": "Joe Davison",
        "total_internal_collab_weight": 57.0
      },
      {
        "author": "Sylvain Gugger",
        "total_internal_collab_weight": 57.0
      },
      {
        "author": "Clement Delangue",
        "total_internal_collab_weight": 57.0
      },
      {
        "author": "Pierric Cistac",
        "total_internal_collab_weight": 57.0
      },
      {
        "author": "Anthony Moi",
        "total_internal_collab_weight": 42.0
      },
      {
        "author": "Tim Rault",
        "total_internal_collab_weight": 42.0
      },
      {
        "author": "Rémi Louf",
        "total_internal_collab_weight": 42.0
      },
      {
        "author": "Morgan Funtowicz",
        "total_internal_collab_weight": 42.0
      },
      {
        "author": "Sam Shleifer",
        "total_internal_collab_weight": 42.0
      },
      {
        "author": "Clara Ma",
        "total_internal_collab_weight": 42.0
      },
      {
        "author": "Franck Dernoncourt",
        "total_internal_collab_weight": 18.0
      },
      {
        "author": "Sebastian Gehrmann",
        "total_internal_collab_weight": 17.0
      },
      {
        "author": "Trung Bui",
        "total_internal_collab_weight": 17.0
      },
      {
        "author": "Joy T. Wu",
        "total_internal_collab_weight": 11.0
      },
      {
        "author": "L. Celi",
        "total_internal_collab_weight": 11.0
      },
      {
        "author": "Gholamreza Haffari",
        "total_internal_collab_weight": 11.0
      },
      {
        "author": "Yeran Li",
        "total_internal_collab_weight": 10.0
      },
      {
        "author": "Eric T. Carlson",
        "total_internal_collab_weight": 10.0
      },
      {
        "author": "Jonathan Welt",
        "total_internal_collab_weight": 10.0
      },
      {
        "author": "J. Foote",
        "total_internal_collab_weight": 10.0
      },
      {
        "author": "E. Moseley",
        "total_internal_collab_weight": 10.0
      },
      {
        "author": "David W. Grant",
        "total_internal_collab_weight": 10.0
      },
      {
        "author": "P. Tyler",
        "total_internal_collab_weight": 10.0
      },
      {
        "author": "Yoon Kim",
        "total_internal_collab_weight": 9.0
      },
      {
        "author": "Demi Guo",
        "total_internal_collab_weight": 7.0
      },
      {
        "author": "Quan Hung Tran",
        "total_internal_collab_weight": 7.0
      },
      {
        "author": "T. Lai",
        "total_internal_collab_weight": 7.0
      },
      {
        "author": "Noah D. Goodman",
        "total_internal_collab_weight": 6.0
      },
      {
        "author": "Seunghyun Yoon",
        "total_internal_collab_weight": 6.0
      },
      {
        "author": "Roman Prokofyev",
        "total_internal_collab_weight": 6.0
      },
      {
        "author": "Alberto Tonon",
        "total_internal_collab_weight": 6.0
      },
      {
        "author": "P. Cudré-Mauroux",
        "total_internal_collab_weight": 6.0
      },
      {
        "author": "D. Difallah",
        "total_internal_collab_weight": 6.0
      },
      {
        "author": "Raphael Troncy",
        "total_internal_collab_weight": 6.0
      },
      {
        "author": "Giuseppe Rizzo",
        "total_internal_collab_weight": 6.0
      },
      {
        "author": "Justin T Chiu",
        "total_internal_collab_weight": 5.0
      },
      {
        "author": "Sergey Golovanov",
        "total_internal_collab_weight": 5.0
      },
      {
        "author": "Rauf Kurbanov",
        "total_internal_collab_weight": 5.0
      },
      {
        "author": "S. Nikolenko",
        "total_internal_collab_weight": 5.0
      },
      {
        "author": "Kyryl Truskovskyi",
        "total_internal_collab_weight": 5.0
      },
      {
        "author": "Alexander Tselousov",
        "total_internal_collab_weight": 5.0
      },
      {
        "author": "Ingrid Zukerman",
        "total_internal_collab_weight": 5.0
      },
      {
        "author": "Hung Bui",
        "total_internal_collab_weight": 5.0
      },
      {
        "author": "Yuntian Deng",
        "total_internal_collab_weight": 4.0
      },
      {
        "author": "Hendrik Strobelt",
        "total_internal_collab_weight": 4.0
      },
      {
        "author": "Doo Soon Kim",
        "total_internal_collab_weight": 4.0
      },
      {
        "author": "Kyomin Jung",
        "total_internal_collab_weight": 4.0
      },
      {
        "author": "Sameen Maruf",
        "total_internal_collab_weight": 4.0
      }
    ],
    "21": [
      {
        "author": "M. Bainbridge",
        "total_internal_collab_weight": 68.0
      },
      {
        "author": "S. White",
        "total_internal_collab_weight": 64.0
      },
      {
        "author": "E. Sanford",
        "total_internal_collab_weight": 62.0
      },
      {
        "author": "S. Kingsmore",
        "total_internal_collab_weight": 62.0
      },
      {
        "author": "Jeremy Gore",
        "total_internal_collab_weight": 60.0
      },
      {
        "author": "Michelle M. Clark",
        "total_internal_collab_weight": 60.0
      },
      {
        "author": "Amber Hildreth",
        "total_internal_collab_weight": 60.0
      },
      {
        "author": "Serge Batalov",
        "total_internal_collab_weight": 60.0
      },
      {
        "author": "Yan Ding",
        "total_internal_collab_weight": 60.0
      },
      {
        "author": "S. Chowdhury",
        "total_internal_collab_weight": 60.0
      },
      {
        "author": "K. Watkins",
        "total_internal_collab_weight": 60.0
      },
      {
        "author": "Katarzyna A Ellsworth",
        "total_internal_collab_weight": 60.0
      },
      {
        "author": "Brandon Camp",
        "total_internal_collab_weight": 60.0
      },
      {
        "author": "C. Kint",
        "total_internal_collab_weight": 60.0
      },
      {
        "author": "C. Yacoubian",
        "total_internal_collab_weight": 60.0
      },
      {
        "author": "L. Farnaes",
        "total_internal_collab_weight": 60.0
      },
      {
        "author": "Curtis Beebe",
        "total_internal_collab_weight": 60.0
      },
      {
        "author": "Joshua J. A. Braun",
        "total_internal_collab_weight": 60.0
      },
      {
        "author": "Margaret Bray",
        "total_internal_collab_weight": 60.0
      },
      {
        "author": "Jeanne Carroll",
        "total_internal_collab_weight": 60.0
      },
      {
        "author": "Julie A. Cakici",
        "total_internal_collab_weight": 60.0
      },
      {
        "author": "Sara A. Caylor",
        "total_internal_collab_weight": 60.0
      },
      {
        "author": "C. Clarke",
        "total_internal_collab_weight": 60.0
      },
      {
        "author": "Mitchell P. Creed",
        "total_internal_collab_weight": 60.0
      },
      {
        "author": "J. Friedman",
        "total_internal_collab_weight": 60.0
      },
      {
        "author": "A. Frith",
        "total_internal_collab_weight": 60.0
      },
      {
        "author": "Richard Gain",
        "total_internal_collab_weight": 60.0
      },
      {
        "author": "Mary Gaughran",
        "total_internal_collab_weight": 60.0
      },
      {
        "author": "Shauna George",
        "total_internal_collab_weight": 60.0
      },
      {
        "author": "S. Gilmer",
        "total_internal_collab_weight": 60.0
      },
      {
        "author": "J. Gleeson",
        "total_internal_collab_weight": 60.0
      },
      {
        "author": "Haiying Grunenwald",
        "total_internal_collab_weight": 60.0
      },
      {
        "author": "Raymond L Hovey",
        "total_internal_collab_weight": 60.0
      },
      {
        "author": "Marie L Janes",
        "total_internal_collab_weight": 60.0
      },
      {
        "author": "Kejia Lin",
        "total_internal_collab_weight": 60.0
      },
      {
        "author": "P. McDonagh",
        "total_internal_collab_weight": 60.0
      },
      {
        "author": "K. McBride",
        "total_internal_collab_weight": 60.0
      },
      {
        "author": "Patrick Mulrooney",
        "total_internal_collab_weight": 60.0
      },
      {
        "author": "S. Nahas",
        "total_internal_collab_weight": 60.0
      },
      {
        "author": "D. Oh",
        "total_internal_collab_weight": 60.0
      },
      {
        "author": "A. Oriol",
        "total_internal_collab_weight": 60.0
      },
      {
        "author": "L. Puckett",
        "total_internal_collab_weight": 60.0
      },
      {
        "author": "Z. Rady",
        "total_internal_collab_weight": 60.0
      },
      {
        "author": "M. G. Reese",
        "total_internal_collab_weight": 60.0
      },
      {
        "author": "J. Ryu",
        "total_internal_collab_weight": 60.0
      },
      {
        "author": "Lisa Salz",
        "total_internal_collab_weight": 60.0
      },
      {
        "author": "Lawrence Stewart",
        "total_internal_collab_weight": 60.0
      },
      {
        "author": "Nathaly M. Sweeney",
        "total_internal_collab_weight": 60.0
      },
      {
        "author": "M. Tokita",
        "total_internal_collab_weight": 60.0
      },
      {
        "author": "L. Van Der Kraan",
        "total_internal_collab_weight": 60.0
      },
      {
        "author": "Kristen M Wigby",
        "total_internal_collab_weight": 60.0
      },
      {
        "author": "Brett Williams",
        "total_internal_collab_weight": 60.0
      },
      {
        "author": "Terence Wong",
        "total_internal_collab_weight": 60.0
      },
      {
        "author": "M. Wright",
        "total_internal_collab_weight": 60.0
      },
      {
        "author": "Catherine Yamada",
        "total_internal_collab_weight": 60.0
      },
      {
        "author": "P. Schols",
        "total_internal_collab_weight": 60.0
      },
      {
        "author": "J. Reynders",
        "total_internal_collab_weight": 60.0
      },
      {
        "author": "K. Hall",
        "total_internal_collab_weight": 60.0
      },
      {
        "author": "D. Dimmock",
        "total_internal_collab_weight": 60.0
      },
      {
        "author": "N. Veeraraghavan",
        "total_internal_collab_weight": 60.0
      }
    ],
    "27": [
      {
        "author": "S. Decker",
        "total_internal_collab_weight": 42.0
      },
      {
        "author": "P. Daumke",
        "total_internal_collab_weight": 37.0
      },
      {
        "author": "A. Winter",
        "total_internal_collab_weight": 37.0
      },
      {
        "author": "S. Stäubert",
        "total_internal_collab_weight": 37.0
      },
      {
        "author": "D. Ammon",
        "total_internal_collab_weight": 37.0
      },
      {
        "author": "Stephan Aiche",
        "total_internal_collab_weight": 37.0
      },
      {
        "author": "O. Beyan",
        "total_internal_collab_weight": 37.0
      },
      {
        "author": "V. Bischoff",
        "total_internal_collab_weight": 37.0
      },
      {
        "author": "G. Funkat",
        "total_internal_collab_weight": 37.0
      },
      {
        "author": "J. Gewehr",
        "total_internal_collab_weight": 37.0
      },
      {
        "author": "Armin de Greiff",
        "total_internal_collab_weight": 37.0
      },
      {
        "author": "Silke Haferkamp",
        "total_internal_collab_weight": 37.0
      },
      {
        "author": "U. Hahn",
        "total_internal_collab_weight": 37.0
      },
      {
        "author": "A. Henkel",
        "total_internal_collab_weight": 37.0
      },
      {
        "author": "T. Kirsten",
        "total_internal_collab_weight": 37.0
      },
      {
        "author": "Thomas Klöss",
        "total_internal_collab_weight": 37.0
      },
      {
        "author": "J. Lippert",
        "total_internal_collab_weight": 37.0
      },
      {
        "author": "Matthias Löbe",
        "total_internal_collab_weight": 37.0
      },
      {
        "author": "Volker Lowitsch",
        "total_internal_collab_weight": 37.0
      },
      {
        "author": "Oliver Maassen",
        "total_internal_collab_weight": 37.0
      },
      {
        "author": "J. Maschmann",
        "total_internal_collab_weight": 37.0
      },
      {
        "author": "S. Meister",
        "total_internal_collab_weight": 37.0
      },
      {
        "author": "R. Mikolajczyk",
        "total_internal_collab_weight": 37.0
      },
      {
        "author": "M. Nüchter",
        "total_internal_collab_weight": 37.0
      },
      {
        "author": "Mathias W Pletz",
        "total_internal_collab_weight": 37.0
      },
      {
        "author": "E. Rahm",
        "total_internal_collab_weight": 37.0
      },
      {
        "author": "Morris Riedel",
        "total_internal_collab_weight": 37.0
      },
      {
        "author": "Kutaiba Saleh",
        "total_internal_collab_weight": 37.0
      },
      {
        "author": "A. Schuppert",
        "total_internal_collab_weight": 37.0
      },
      {
        "author": "S. Smers",
        "total_internal_collab_weight": 37.0
      },
      {
        "author": "André Stollenwerk",
        "total_internal_collab_weight": 37.0
      },
      {
        "author": "S. Uhlig",
        "total_internal_collab_weight": 37.0
      },
      {
        "author": "Thomas Wendt",
        "total_internal_collab_weight": 37.0
      },
      {
        "author": "S. Zenker",
        "total_internal_collab_weight": 37.0
      },
      {
        "author": "W. Fleig",
        "total_internal_collab_weight": 37.0
      },
      {
        "author": "G. Marx",
        "total_internal_collab_weight": 37.0
      },
      {
        "author": "A. Scherag",
        "total_internal_collab_weight": 37.0
      },
      {
        "author": "M. Löffler",
        "total_internal_collab_weight": 37.0
      },
      {
        "author": "Jun Liu",
        "total_internal_collab_weight": 12.0
      },
      {
        "author": "Ruijie Wang",
        "total_internal_collab_weight": 9.0
      },
      {
        "author": "M. Wang",
        "total_internal_collab_weight": 9.0
      },
      {
        "author": "Q. Zheng",
        "total_internal_collab_weight": 5.0
      },
      {
        "author": "Weitong Chen",
        "total_internal_collab_weight": 5.0
      },
      {
        "author": "Michael Cochez",
        "total_internal_collab_weight": 5.0
      },
      {
        "author": "Siyu Yao",
        "total_internal_collab_weight": 4.0
      },
      {
        "author": "Wenqian Shang",
        "total_internal_collab_weight": 2.0
      },
      {
        "author": "Weiguo Lin",
        "total_internal_collab_weight": 2.0
      }
    ]
  }
}