{
  "window": "2021_2023",
  "top5_authors_per_cluster": {
    "36": [
      {
        "author": "L. Chambless",
        "total_internal_collab_weight": 39.0
      },
      {
        "author": "Douglas B. Johnson",
        "total_internal_collab_weight": 33.0
      },
      {
        "author": "Rachel S Goodman",
        "total_internal_collab_weight": 33.0
      },
      {
        "author": "J. Patrinely",
        "total_internal_collab_weight": 33.0
      },
      {
        "author": "Cosby A Stone",
        "total_internal_collab_weight": 33.0
      },
      {
        "author": "Eli Zimmerman",
        "total_internal_collab_weight": 33.0
      },
      {
        "author": "R. Donald",
        "total_internal_collab_weight": 33.0
      },
      {
        "author": "Sam S Chang",
        "total_internal_collab_weight": 33.0
      },
      {
        "author": "Sean T Berkowitz",
        "total_internal_collab_weight": 33.0
      },
      {
        "author": "Avni P Finn",
        "total_internal_collab_weight": 33.0
      },
      {
        "author": "Eiman Jahangir",
        "total_internal_collab_weight": 33.0
      },
      {
        "author": "Elizabeth A Scoville",
        "total_internal_collab_weight": 33.0
      },
      {
        "author": "Tyler Reese",
        "total_internal_collab_weight": 33.0
      },
      {
        "author": "Debra E. Friedman",
        "total_internal_collab_weight": 33.0
      },
      {
        "author": "Julie A. Bastarache",
        "total_internal_collab_weight": 33.0
      },
      {
        "author": "Yuri F van der Heijden",
        "total_internal_collab_weight": 33.0
      },
      {
        "author": "Jordan Wright",
        "total_internal_collab_weight": 33.0
      },
      {
        "author": "Nicholas Carter",
        "total_internal_collab_weight": 33.0
      },
      {
        "author": "Matthew R Alexander",
        "total_internal_collab_weight": 33.0
      },
      {
        "author": "Jennifer H Choe",
        "total_internal_collab_weight": 33.0
      },
      {
        "author": "Cody A Chastain",
        "total_internal_collab_weight": 33.0
      },
      {
        "author": "J. Zic",
        "total_internal_collab_weight": 33.0
      },
      {
        "author": "Sara N Horst",
        "total_internal_collab_weight": 33.0
      },
      {
        "author": "Isik Turker",
        "total_internal_collab_weight": 33.0
      },
      {
        "author": "R. Agarwal",
        "total_internal_collab_weight": 33.0
      },
      {
        "author": "E. Osmundson",
        "total_internal_collab_weight": 33.0
      },
      {
        "author": "K. Idrees",
        "total_internal_collab_weight": 33.0
      },
      {
        "author": "C. Kiernan",
        "total_internal_collab_weight": 33.0
      },
      {
        "author": "Chandrasekhar Padmanabhan",
        "total_internal_collab_weight": 33.0
      },
      {
        "author": "C. Bailey",
        "total_internal_collab_weight": 33.0
      },
      {
        "author": "Cameron Schlegel",
        "total_internal_collab_weight": 33.0
      },
      {
        "author": "Mike Gibson",
        "total_internal_collab_weight": 33.0
      },
      {
        "author": "Travis J. Osterman",
        "total_internal_collab_weight": 33.0
      },
      {
        "author": "Lee E. Wheless",
        "total_internal_collab_weight": 33.0
      },
      {
        "author": "Alexander V Ortiz",
        "total_internal_collab_weight": 6.0
      },
      {
        "author": "M. Feldman",
        "total_internal_collab_weight": 6.0
      },
      {
        "author": "A. Yengo-Kahn",
        "total_internal_collab_weight": 6.0
      },
      {
        "author": "Steven G. Roth",
        "total_internal_collab_weight": 6.0
      },
      {
        "author": "Robert J. Dambrino",
        "total_internal_collab_weight": 6.0
      },
      {
        "author": "R. Chitale",
        "total_internal_collab_weight": 6.0
      }
    ],
    "58": [
      {
        "author": "P. Azunre",
        "total_internal_collab_weight": 25.0
      },
      {
        "author": "S. Addo",
        "total_internal_collab_weight": 25.0
      },
      {
        "author": "Lawrence Asamoah Adu-Gyamfi",
        "total_internal_collab_weight": 25.0
      },
      {
        "author": "Stephen E. Moore",
        "total_internal_collab_weight": 25.0
      },
      {
        "author": "Bernard Adabankah",
        "total_internal_collab_weight": 25.0
      },
      {
        "author": "Bernard Opoku",
        "total_internal_collab_weight": 25.0
      },
      {
        "author": "Clara Asare-Nyarko",
        "total_internal_collab_weight": 25.0
      },
      {
        "author": "S. Nyarko",
        "total_internal_collab_weight": 25.0
      },
      {
        "author": "Cynthia Amoaba",
        "total_internal_collab_weight": 25.0
      },
      {
        "author": "Esther Dansoa Appiah",
        "total_internal_collab_weight": 25.0
      },
      {
        "author": "Felix Akwerh",
        "total_internal_collab_weight": 25.0
      },
      {
        "author": "Richard Nii Lante Lawson",
        "total_internal_collab_weight": 25.0
      },
      {
        "author": "Joel Budu",
        "total_internal_collab_weight": 25.0
      },
      {
        "author": "E. Debrah",
        "total_internal_collab_weight": 25.0
      },
      {
        "author": "N. Boateng",
        "total_internal_collab_weight": 25.0
      },
      {
        "author": "Wisdom Ofori",
        "total_internal_collab_weight": 25.0
      },
      {
        "author": "Edwin Buabeng-Munkoh",
        "total_internal_collab_weight": 25.0
      },
      {
        "author": "F. Adjei",
        "total_internal_collab_weight": 25.0
      },
      {
        "author": "Isaac. K. E. Ampomah",
        "total_internal_collab_weight": 25.0
      },
      {
        "author": "Joseph Otoo.",
        "total_internal_collab_weight": 25.0
      },
      {
        "author": "R. Borkor",
        "total_internal_collab_weight": 25.0
      },
      {
        "author": "Standylove Birago Mensah",
        "total_internal_collab_weight": 25.0
      },
      {
        "author": "Lucien Mensah",
        "total_internal_collab_weight": 25.0
      },
      {
        "author": "Mark Amoako Marcel",
        "total_internal_collab_weight": 25.0
      },
      {
        "author": "A. A. Amponsah",
        "total_internal_collab_weight": 25.0
      },
      {
        "author": "J. B. Hayfron-Acquah",
        "total_internal_collab_weight": 25.0
      }
    ],
    "6": [
      {
        "author": "Yacine Jernite",
        "total_internal_collab_weight": 494.0
      },
      {
        "author": "Thomas Wolf",
        "total_internal_collab_weight": 482.0
      },
      {
        "author": "Alexander M. Rush",
        "total_internal_collab_weight": 471.0
      },
      {
        "author": "Victor Sanh",
        "total_internal_collab_weight": 471.0
      },
      {
        "author": "Albert Villanova del Moral",
        "total_internal_collab_weight": 463.0
      },
      {
        "author": "Samuel Cahyawijaya",
        "total_internal_collab_weight": 457.0
      },
      {
        "author": "Teven Le Scao",
        "total_internal_collab_weight": 454.0
      },
      {
        "author": "Patrick von Platen",
        "total_internal_collab_weight": 454.0
      },
      {
        "author": "Canwen Xu",
        "total_internal_collab_weight": 451.0
      },
      {
        "author": "Quentin Lhoest",
        "total_internal_collab_weight": 451.0
      },
      {
        "author": "Jenny Chim",
        "total_internal_collab_weight": 448.0
      },
      {
        "author": "Stella Biderman",
        "total_internal_collab_weight": 445.0
      },
      {
        "author": "M. Samwald",
        "total_internal_collab_weight": 442.0
      },
      {
        "author": "Simon Ott",
        "total_internal_collab_weight": 440.0
      },
      {
        "author": "Minh Chien Vu",
        "total_internal_collab_weight": 435.0
      },
      {
        "author": "Marianna Nezhurina",
        "total_internal_collab_weight": 435.0
      },
      {
        "author": "Angelina McMillan-Major",
        "total_internal_collab_weight": 434.0
      },
      {
        "author": "Bo Wang",
        "total_internal_collab_weight": 434.0
      },
      {
        "author": "John Giorgi",
        "total_internal_collab_weight": 434.0
      },
      {
        "author": "Leon Weber",
        "total_internal_collab_weight": 432.0
      },
      {
        "author": "Shamik Bose",
        "total_internal_collab_weight": 432.0
      },
      {
        "author": "Debajyoti Datta",
        "total_internal_collab_weight": 432.0
      },
      {
        "author": "Jason Alan Fries",
        "total_internal_collab_weight": 432.0
      },
      {
        "author": "Stephen H. Bach",
        "total_internal_collab_weight": 432.0
      },
      {
        "author": "Trishala Neeraj",
        "total_internal_collab_weight": 432.0
      },
      {
        "author": "A. Callahan",
        "total_internal_collab_weight": 432.0
      },
      {
        "author": "Benjamin Beilharz",
        "total_internal_collab_weight": 432.0
      },
      {
        "author": "Daniel Le'on Perin'an",
        "total_internal_collab_weight": 432.0
      },
      {
        "author": "Fabio Barth",
        "total_internal_collab_weight": 432.0
      },
      {
        "author": "Gabriel Altay",
        "total_internal_collab_weight": 432.0
      },
      {
        "author": "Jonas Golde",
        "total_internal_collab_weight": 432.0
      },
      {
        "author": "J. Posada",
        "total_internal_collab_weight": 432.0
      },
      {
        "author": "Karthi Sivaraman",
        "total_internal_collab_weight": 432.0
      },
      {
        "author": "Marc Pàmies",
        "total_internal_collab_weight": 432.0
      },
      {
        "author": "Mario Sanger",
        "total_internal_collab_weight": 432.0
      },
      {
        "author": "Michael Cullan",
        "total_internal_collab_weight": 432.0
      },
      {
        "author": "M. Freidank",
        "total_internal_collab_weight": 432.0
      },
      {
        "author": "Myungsun Kang",
        "total_internal_collab_weight": 432.0
      },
      {
        "author": "Natasha Seelam",
        "total_internal_collab_weight": 432.0
      },
      {
        "author": "N. Dahlberg",
        "total_internal_collab_weight": 432.0
      },
      {
        "author": "N. Broad",
        "total_internal_collab_weight": 432.0
      },
      {
        "author": "Patrick Haller",
        "total_internal_collab_weight": 432.0
      },
      {
        "author": "Robert Martin",
        "total_internal_collab_weight": 432.0
      },
      {
        "author": "Ruisi Su",
        "total_internal_collab_weight": 432.0
      },
      {
        "author": "Samuele Garda",
        "total_internal_collab_weight": 432.0
      },
      {
        "author": "Shlok S Deshmukh",
        "total_internal_collab_weight": 432.0
      },
      {
        "author": "Shubhanshu Mishra",
        "total_internal_collab_weight": 432.0
      },
      {
        "author": "Sid Kiblawi",
        "total_internal_collab_weight": 432.0
      },
      {
        "author": "Théo Gigant",
        "total_internal_collab_weight": 432.0
      },
      {
        "author": "Wojciech Kusa",
        "total_internal_collab_weight": 432.0
      },
      {
        "author": "Yanis Labrak",
        "total_internal_collab_weight": 432.0
      },
      {
        "author": "Stas Bekman",
        "total_internal_collab_weight": 431.0
      },
      {
        "author": "Niklas Muennighoff",
        "total_internal_collab_weight": 424.0
      },
      {
        "author": "Mario vSavsko",
        "total_internal_collab_weight": 421.0
      },
      {
        "author": "Gunjan Chhablani",
        "total_internal_collab_weight": 421.0
      },
      {
        "author": "N. Patry",
        "total_internal_collab_weight": 421.0
      },
      {
        "author": "Suraj Patil",
        "total_internal_collab_weight": 421.0
      },
      {
        "author": "Genta Indra Winata",
        "total_internal_collab_weight": 421.0
      },
      {
        "author": "Thomas Wang",
        "total_internal_collab_weight": 419.0
      },
      {
        "author": "Manan Dey",
        "total_internal_collab_weight": 417.0
      }
    ],
    "69": [
      {
        "author": "Heladia Salgado",
        "total_internal_collab_weight": 29.0
      },
      {
        "author": "S. Gama-Castro",
        "total_internal_collab_weight": 29.0
      },
      {
        "author": "Laura Gómez-Romero",
        "total_internal_collab_weight": 29.0
      },
      {
        "author": "Pablo Peña-Loredo",
        "total_internal_collab_weight": 29.0
      },
      {
        "author": "J. García-Sotelo",
        "total_internal_collab_weight": 29.0
      },
      {
        "author": "Carlos-Francisco Méndez-Cruz",
        "total_internal_collab_weight": 29.0
      },
      {
        "author": "César Bonavides-Martínez",
        "total_internal_collab_weight": 29.0
      },
      {
        "author": "J. Galagan",
        "total_internal_collab_weight": 29.0
      },
      {
        "author": "J. Collado-Vides",
        "total_internal_collab_weight": 29.0
      },
      {
        "author": "V. Tierrafría",
        "total_internal_collab_weight": 21.0
      },
      {
        "author": "Claire Rioualen",
        "total_internal_collab_weight": 21.0
      },
      {
        "author": "P. Lara",
        "total_internal_collab_weight": 21.0
      },
      {
        "author": "P. Lally",
        "total_internal_collab_weight": 21.0
      },
      {
        "author": "Andrés G. López-Almazo",
        "total_internal_collab_weight": 21.0
      },
      {
        "author": "Gabriel Alarcón-Carranza",
        "total_internal_collab_weight": 21.0
      },
      {
        "author": "Felipe Betancourt-Figueroa",
        "total_internal_collab_weight": 21.0
      },
      {
        "author": "Shirley Alquicira-Hernández",
        "total_internal_collab_weight": 21.0
      },
      {
        "author": "J. E. Polanco-Morelos",
        "total_internal_collab_weight": 21.0
      },
      {
        "author": "Estefani Gaytan-Nuñez",
        "total_internal_collab_weight": 21.0
      },
      {
        "author": "Luis J Muñiz",
        "total_internal_collab_weight": 21.0
      },
      {
        "author": "G. Moreno-Hagelsieb",
        "total_internal_collab_weight": 21.0
      },
      {
        "author": "J. Wade",
        "total_internal_collab_weight": 21.0
      }
    ],
    "8": [
      {
        "author": "Sebastian Ruder",
        "total_internal_collab_weight": 186.0
      },
      {
        "author": "Bryan Wilie",
        "total_internal_collab_weight": 184.0
      },
      {
        "author": "Kaustubh D. Dhole",
        "total_internal_collab_weight": 156.0
      },
      {
        "author": "Yue Zhang",
        "total_internal_collab_weight": 152.0
      },
      {
        "author": "Jinho D. Choi",
        "total_internal_collab_weight": 127.0
      },
      {
        "author": "Jing Zhang",
        "total_internal_collab_weight": 127.0
      },
      {
        "author": "E. Hovy",
        "total_internal_collab_weight": 123.0
      },
      {
        "author": "Wanxiang Che",
        "total_internal_collab_weight": 120.0
      },
      {
        "author": "Rishabh Gupta",
        "total_internal_collab_weight": 120.0
      },
      {
        "author": "Marco Antonio Sobrevilla Cabezudo",
        "total_internal_collab_weight": 119.0
      },
      {
        "author": "Tongshuang Sherry Wu",
        "total_internal_collab_weight": 118.0
      },
      {
        "author": "V. Marivate",
        "total_internal_collab_weight": 118.0
      },
      {
        "author": "T. Sefara",
        "total_internal_collab_weight": 118.0
      },
      {
        "author": "P. Soni",
        "total_internal_collab_weight": 118.0
      },
      {
        "author": "S. Lee",
        "total_internal_collab_weight": 117.0
      },
      {
        "author": "Libo Qin",
        "total_internal_collab_weight": 117.0
      },
      {
        "author": "M. Das",
        "total_internal_collab_weight": 116.0
      },
      {
        "author": "Thomas Dopierre",
        "total_internal_collab_weight": 116.0
      },
      {
        "author": "Gerard de Melo",
        "total_internal_collab_weight": 116.0
      },
      {
        "author": "Richard Plant",
        "total_internal_collab_weight": 116.0
      },
      {
        "author": "V. Pais",
        "total_internal_collab_weight": 116.0
      },
      {
        "author": "Abinaya Mahendiran",
        "total_internal_collab_weight": 115.0
      },
      {
        "author": "Stefan Langer",
        "total_internal_collab_weight": 115.0
      },
      {
        "author": "Damien Sileo",
        "total_internal_collab_weight": 115.0
      },
      {
        "author": "Usama Yaseen",
        "total_internal_collab_weight": 115.0
      },
      {
        "author": "Varun Gangal",
        "total_internal_collab_weight": 114.0
      },
      {
        "author": "Aadesh Gupta",
        "total_internal_collab_weight": 114.0
      },
      {
        "author": "Zhenhao Li",
        "total_internal_collab_weight": 114.0
      },
      {
        "author": "Saad Mahamood",
        "total_internal_collab_weight": 114.0
      },
      {
        "author": "Simon Mille",
        "total_internal_collab_weight": 114.0
      },
      {
        "author": "Ashish Srivastava",
        "total_internal_collab_weight": 114.0
      },
      {
        "author": "Jascha Narain Sohl-Dickstein",
        "total_internal_collab_weight": 114.0
      },
      {
        "author": "Ondrej Dusek",
        "total_internal_collab_weight": 114.0
      },
      {
        "author": "Sajant Anand",
        "total_internal_collab_weight": 114.0
      },
      {
        "author": "Nagender Aneja",
        "total_internal_collab_weight": 114.0
      },
      {
        "author": "Rabin Banjade",
        "total_internal_collab_weight": 114.0
      },
      {
        "author": "Lisa Barthe",
        "total_internal_collab_weight": 114.0
      },
      {
        "author": "Hanna Behnke",
        "total_internal_collab_weight": 114.0
      },
      {
        "author": "Ian Berlot-Attwell",
        "total_internal_collab_weight": 114.0
      },
      {
        "author": "Connor Boyle",
        "total_internal_collab_weight": 114.0
      },
      {
        "author": "C. Brun",
        "total_internal_collab_weight": 114.0
      },
      {
        "author": "E. Chapuis",
        "total_internal_collab_weight": 114.0
      },
      {
        "author": "Mukund Choudhary",
        "total_internal_collab_weight": 114.0
      },
      {
        "author": "C. Clauss",
        "total_internal_collab_weight": 114.0
      },
      {
        "author": "Filip Cornell",
        "total_internal_collab_weight": 114.0
      },
      {
        "author": "Gautier Dagan",
        "total_internal_collab_weight": 114.0
      },
      {
        "author": "Tanay Dixit",
        "total_internal_collab_weight": 114.0
      },
      {
        "author": "Paul-Alexis Dray",
        "total_internal_collab_weight": 114.0
      },
      {
        "author": "Suchitra Dubey",
        "total_internal_collab_weight": 114.0
      },
      {
        "author": "Tatiana Ekeinhor",
        "total_internal_collab_weight": 114.0
      },
      {
        "author": "Marco Di Giovanni",
        "total_internal_collab_weight": 114.0
      },
      {
        "author": "Louanes Hamla",
        "total_internal_collab_weight": 114.0
      },
      {
        "author": "Sanghyun Han",
        "total_internal_collab_weight": 114.0
      },
      {
        "author": "Fabrice Harel-Canada",
        "total_internal_collab_weight": 114.0
      },
      {
        "author": "A. Honoré",
        "total_internal_collab_weight": 114.0
      },
      {
        "author": "Ishan Jindal",
        "total_internal_collab_weight": 114.0
      },
      {
        "author": "Przemyslaw K. Joniak",
        "total_internal_collab_weight": 114.0
      },
      {
        "author": "D. Kleyko",
        "total_internal_collab_weight": 114.0
      },
      {
        "author": "Venelin Kovatchev",
        "total_internal_collab_weight": 114.0
      },
      {
        "author": "Kalpesh Krishna",
        "total_internal_collab_weight": 114.0
      }
    ],
    "9": [
      {
        "author": "Nan Du",
        "total_internal_collab_weight": 248.0
      },
      {
        "author": "Yi Tay",
        "total_internal_collab_weight": 247.0
      },
      {
        "author": "Andrew M. Dai",
        "total_internal_collab_weight": 238.0
      },
      {
        "author": "Orhan Firat",
        "total_internal_collab_weight": 227.0
      },
      {
        "author": "Denny Zhou",
        "total_internal_collab_weight": 221.0
      },
      {
        "author": "Kevin Robinson",
        "total_internal_collab_weight": 214.0
      },
      {
        "author": "Marie Pellat",
        "total_internal_collab_weight": 214.0
      },
      {
        "author": "K. Meier-Hellstern",
        "total_internal_collab_weight": 214.0
      },
      {
        "author": "Pengcheng Yin",
        "total_internal_collab_weight": 206.0
      },
      {
        "author": "Xuezhi Wang",
        "total_internal_collab_weight": 205.0
      },
      {
        "author": "Guy Gur-Ari",
        "total_internal_collab_weight": 201.0
      },
      {
        "author": "Vedant Misra",
        "total_internal_collab_weight": 201.0
      },
      {
        "author": "Aakanksha Chowdhery",
        "total_internal_collab_weight": 195.0
      },
      {
        "author": "Emily Reif",
        "total_internal_collab_weight": 193.0
      },
      {
        "author": "Xavier García",
        "total_internal_collab_weight": 193.0
      },
      {
        "author": "Katherine Lee",
        "total_internal_collab_weight": 193.0
      },
      {
        "author": "Jacob Devlin",
        "total_internal_collab_weight": 190.0
      },
      {
        "author": "Slav Petrov",
        "total_internal_collab_weight": 190.0
      },
      {
        "author": "Joshua Maynez",
        "total_internal_collab_weight": 189.0
      },
      {
        "author": "Gaurav Mishra",
        "total_internal_collab_weight": 188.0
      },
      {
        "author": "P. Barham",
        "total_internal_collab_weight": 188.0
      },
      {
        "author": "Reiner Pope",
        "total_internal_collab_weight": 188.0
      },
      {
        "author": "James Bradbury",
        "total_internal_collab_weight": 188.0
      },
      {
        "author": "Jacob Austin",
        "total_internal_collab_weight": 188.0
      },
      {
        "author": "M. Isard",
        "total_internal_collab_weight": 188.0
      },
      {
        "author": "Sunipa Dev",
        "total_internal_collab_weight": 188.0
      },
      {
        "author": "Hyeontaek Lim",
        "total_internal_collab_weight": 188.0
      },
      {
        "author": "Mark Omernick",
        "total_internal_collab_weight": 188.0
      },
      {
        "author": "Erica Moreira",
        "total_internal_collab_weight": 188.0
      },
      {
        "author": "Oleksandr Polozov",
        "total_internal_collab_weight": 188.0
      },
      {
        "author": "Brennan Saeta",
        "total_internal_collab_weight": 188.0
      },
      {
        "author": "Michele Catasta",
        "total_internal_collab_weight": 188.0
      },
      {
        "author": "Yanping Huang",
        "total_internal_collab_weight": 185.0
      },
      {
        "author": "Z. Chen",
        "total_internal_collab_weight": 174.0
      },
      {
        "author": "Yonghui Wu",
        "total_internal_collab_weight": 168.0
      },
      {
        "author": "M. Krikun",
        "total_internal_collab_weight": 155.0
      },
      {
        "author": "Dmitry Lepikhin",
        "total_internal_collab_weight": 151.0
      },
      {
        "author": "Yuanzhong Xu",
        "total_internal_collab_weight": 151.0
      },
      {
        "author": "Tao Wang",
        "total_internal_collab_weight": 151.0
      },
      {
        "author": "Wei Li",
        "total_internal_collab_weight": 145.0
      },
      {
        "author": "David R. So",
        "total_internal_collab_weight": 144.0
      },
      {
        "author": "Yuhuai Wu",
        "total_internal_collab_weight": 144.0
      },
      {
        "author": "Siamak Shakeri",
        "total_internal_collab_weight": 139.0
      },
      {
        "author": "Chang Lan",
        "total_internal_collab_weight": 139.0
      },
      {
        "author": "Rohan Anil",
        "total_internal_collab_weight": 138.0
      },
      {
        "author": "Ethan Dyer",
        "total_internal_collab_weight": 138.0
      },
      {
        "author": "Benjamin Lee",
        "total_internal_collab_weight": 138.0
      },
      {
        "author": "Aurko Roy",
        "total_internal_collab_weight": 138.0
      },
      {
        "author": "Ambrose Slone",
        "total_internal_collab_weight": 138.0
      },
      {
        "author": "Siyuan Qiao",
        "total_internal_collab_weight": 137.0
      },
      {
        "author": "Siddhartha Brahma",
        "total_internal_collab_weight": 136.0
      },
      {
        "author": "Jiahui Yu",
        "total_internal_collab_weight": 136.0
      },
      {
        "author": "Le Hou",
        "total_internal_collab_weight": 135.0
      },
      {
        "author": "J. Clark",
        "total_internal_collab_weight": 134.0
      },
      {
        "author": "Mostafa Dehghani",
        "total_internal_collab_weight": 134.0
      },
      {
        "author": "Melvin Johnson",
        "total_internal_collab_weight": 132.0
      },
      {
        "author": "Fan Feng",
        "total_internal_collab_weight": 130.0
      },
      {
        "author": "Wei Zhou",
        "total_internal_collab_weight": 130.0
      },
      {
        "author": "Zirui Wang",
        "total_internal_collab_weight": 128.0
      },
      {
        "author": "Jan A. Botha",
        "total_internal_collab_weight": 127.0
      }
    ],
    "14": [
      {
        "author": "Tianming Liu",
        "total_internal_collab_weight": 212.0
      },
      {
        "author": "Zihao Wu",
        "total_internal_collab_weight": 196.0
      },
      {
        "author": "Xiang Li",
        "total_internal_collab_weight": 191.0
      },
      {
        "author": "Haixing Dai",
        "total_internal_collab_weight": 171.0
      },
      {
        "author": "Dinggang Shen",
        "total_internal_collab_weight": 156.0
      },
      {
        "author": "Zheng Liu",
        "total_internal_collab_weight": 149.0
      },
      {
        "author": "Lin Zhao",
        "total_internal_collab_weight": 143.0
      },
      {
        "author": "Lichao Sun",
        "total_internal_collab_weight": 125.0
      },
      {
        "author": "Bao Ge",
        "total_internal_collab_weight": 117.0
      },
      {
        "author": "Xi Jiang",
        "total_internal_collab_weight": 103.0
      },
      {
        "author": "Dajiang Zhu",
        "total_internal_collab_weight": 100.0
      },
      {
        "author": "Chao-Yang Cao",
        "total_internal_collab_weight": 98.0
      },
      {
        "author": "Lu Zhang",
        "total_internal_collab_weight": 98.0
      },
      {
        "author": "Jun Liu",
        "total_internal_collab_weight": 97.0
      },
      {
        "author": "Shaochen Xu",
        "total_internal_collab_weight": 93.0
      },
      {
        "author": "W. Liu",
        "total_internal_collab_weight": 92.0
      },
      {
        "author": "Tianyang Zhong",
        "total_internal_collab_weight": 91.0
      },
      {
        "author": "Quanzheng Li",
        "total_internal_collab_weight": 90.0
      },
      {
        "author": "Jiaqi Wang",
        "total_internal_collab_weight": 88.0
      },
      {
        "author": "Shu Zhang",
        "total_internal_collab_weight": 88.0
      },
      {
        "author": "Yutong Zhang",
        "total_internal_collab_weight": 85.0
      },
      {
        "author": "Peng Shu",
        "total_internal_collab_weight": 79.0
      },
      {
        "author": "Yiwei Li",
        "total_internal_collab_weight": 79.0
      },
      {
        "author": "Xin Zhang",
        "total_internal_collab_weight": 70.0
      },
      {
        "author": "J. Holmes",
        "total_internal_collab_weight": 67.0
      },
      {
        "author": "Zuowei Jiang",
        "total_internal_collab_weight": 62.0
      },
      {
        "author": "Xiaoyan Cai",
        "total_internal_collab_weight": 62.0
      },
      {
        "author": "Chong-Yi Ma",
        "total_internal_collab_weight": 60.0
      },
      {
        "author": "X. Liu",
        "total_internal_collab_weight": 51.0
      },
      {
        "author": "Zihao Zhao",
        "total_internal_collab_weight": 50.0
      },
      {
        "author": "Xintao Hu",
        "total_internal_collab_weight": 48.0
      },
      {
        "author": "Yirong Pan",
        "total_internal_collab_weight": 46.0
      },
      {
        "author": "Pei Dong",
        "total_internal_collab_weight": 46.0
      },
      {
        "author": "Yu‐Xin Liu",
        "total_internal_collab_weight": 46.0
      },
      {
        "author": "Yaonai Wei",
        "total_internal_collab_weight": 46.0
      },
      {
        "author": "Shengming Wang",
        "total_internal_collab_weight": 46.0
      },
      {
        "author": "Mengyue Zhou",
        "total_internal_collab_weight": 46.0
      },
      {
        "author": "Chunlin Li",
        "total_internal_collab_weight": 46.0
      },
      {
        "author": "Kailiang Zhang",
        "total_internal_collab_weight": 46.0
      },
      {
        "author": "Yuanhao",
        "total_internal_collab_weight": 46.0
      },
      {
        "author": "Chen",
        "total_internal_collab_weight": 46.0
      },
      {
        "author": "Pei Wang",
        "total_internal_collab_weight": 46.0
      },
      {
        "author": "Pingkun Yan",
        "total_internal_collab_weight": 46.0
      },
      {
        "author": "Dajiang",
        "total_internal_collab_weight": 46.0
      },
      {
        "author": "Zhu",
        "total_internal_collab_weight": 46.0
      },
      {
        "author": "Tuo Zhang",
        "total_internal_collab_weight": 46.0
      },
      {
        "author": "Shijie Zhao",
        "total_internal_collab_weight": 46.0
      },
      {
        "author": "Hongtu Zhu",
        "total_internal_collab_weight": 46.0
      },
      {
        "author": "Yue Wang",
        "total_internal_collab_weight": 41.0
      },
      {
        "author": "Ninghao Liu",
        "total_internal_collab_weight": 39.0
      },
      {
        "author": "Xiao-Xing Yu",
        "total_internal_collab_weight": 39.0
      },
      {
        "author": "Gang Li",
        "total_internal_collab_weight": 34.0
      },
      {
        "author": "Wei Liu",
        "total_internal_collab_weight": 30.0
      },
      {
        "author": "Yihan Cao",
        "total_internal_collab_weight": 30.0
      },
      {
        "author": "Yue Huang",
        "total_internal_collab_weight": 30.0
      },
      {
        "author": "Zheng-Long Liu",
        "total_internal_collab_weight": 29.0
      },
      {
        "author": "J. Zhao",
        "total_internal_collab_weight": 29.0
      },
      {
        "author": "Michael R. Lyu",
        "total_internal_collab_weight": 29.0
      },
      {
        "author": "Huawen Hu",
        "total_internal_collab_weight": 28.0
      },
      {
        "author": "Zhang Tao",
        "total_internal_collab_weight": 28.0
      }
    ],
    "17": [
      {
        "author": "Peng Xu",
        "total_internal_collab_weight": 109.0
      },
      {
        "author": "Ted Xiao",
        "total_internal_collab_weight": 92.0
      },
      {
        "author": "Karol Hausman",
        "total_internal_collab_weight": 85.0
      },
      {
        "author": "Brian Ichter",
        "total_internal_collab_weight": 85.0
      },
      {
        "author": "F. Xia",
        "total_internal_collab_weight": 85.0
      },
      {
        "author": "S. Levine",
        "total_internal_collab_weight": 80.0
      },
      {
        "author": "Chelsea Finn",
        "total_internal_collab_weight": 73.0
      },
      {
        "author": "Igor Mordatch",
        "total_internal_collab_weight": 72.0
      },
      {
        "author": "Fei Xia",
        "total_internal_collab_weight": 69.0
      },
      {
        "author": "Noah Brown",
        "total_internal_collab_weight": 66.0
      },
      {
        "author": "Yevgen Chebotar",
        "total_internal_collab_weight": 66.0
      },
      {
        "author": "Tomas Jackson",
        "total_internal_collab_weight": 66.0
      },
      {
        "author": "Anthony Brohan",
        "total_internal_collab_weight": 62.0
      },
      {
        "author": "Jodilyn Peralta",
        "total_internal_collab_weight": 62.0
      },
      {
        "author": "Jaspiar Singh",
        "total_internal_collab_weight": 62.0
      },
      {
        "author": "Austin Stone",
        "total_internal_collab_weight": 62.0
      },
      {
        "author": "Clayton Tan",
        "total_internal_collab_weight": 62.0
      },
      {
        "author": "Tianhe Yu",
        "total_internal_collab_weight": 62.0
      },
      {
        "author": "Karl Pertsch",
        "total_internal_collab_weight": 55.0
      },
      {
        "author": "Ofir Nachum",
        "total_internal_collab_weight": 52.0
      },
      {
        "author": "M. Ryoo",
        "total_internal_collab_weight": 52.0
      },
      {
        "author": "A. Irpan",
        "total_internal_collab_weight": 51.0
      },
      {
        "author": "Dmitry Kalashnikov",
        "total_internal_collab_weight": 51.0
      },
      {
        "author": "Vincent Vanhoucke",
        "total_internal_collab_weight": 50.0
      },
      {
        "author": "Justice Carbajal",
        "total_internal_collab_weight": 50.0
      },
      {
        "author": "Joseph Dabis",
        "total_internal_collab_weight": 50.0
      },
      {
        "author": "K. Gopalakrishnan",
        "total_internal_collab_weight": 50.0
      },
      {
        "author": "Alexander Herzog",
        "total_internal_collab_weight": 50.0
      },
      {
        "author": "Jasmine Hsu",
        "total_internal_collab_weight": 50.0
      },
      {
        "author": "Julian Ibarz",
        "total_internal_collab_weight": 50.0
      },
      {
        "author": "Sally Jesmonth",
        "total_internal_collab_weight": 50.0
      },
      {
        "author": "Nikhil J. Joshi",
        "total_internal_collab_weight": 50.0
      },
      {
        "author": "Ryan C. Julian",
        "total_internal_collab_weight": 50.0
      },
      {
        "author": "Yuheng Kuang",
        "total_internal_collab_weight": 50.0
      },
      {
        "author": "Isabel Leal",
        "total_internal_collab_weight": 50.0
      },
      {
        "author": "Kuang-Huei Lee",
        "total_internal_collab_weight": 50.0
      },
      {
        "author": "Yao Lu",
        "total_internal_collab_weight": 50.0
      },
      {
        "author": "U. Malla",
        "total_internal_collab_weight": 50.0
      },
      {
        "author": "D. Manjunath",
        "total_internal_collab_weight": 50.0
      },
      {
        "author": "Carolina Parada",
        "total_internal_collab_weight": 50.0
      },
      {
        "author": "Emily Perez",
        "total_internal_collab_weight": 50.0
      },
      {
        "author": "Jornell Quiambao",
        "total_internal_collab_weight": 50.0
      },
      {
        "author": "Kanishka Rao",
        "total_internal_collab_weight": 50.0
      },
      {
        "author": "Grecia Salazar",
        "total_internal_collab_weight": 50.0
      },
      {
        "author": "Pannag R. Sanketi",
        "total_internal_collab_weight": 50.0
      },
      {
        "author": "Kevin Sayed",
        "total_internal_collab_weight": 50.0
      },
      {
        "author": "S. Sontakke",
        "total_internal_collab_weight": 50.0
      },
      {
        "author": "Huong Tran",
        "total_internal_collab_weight": 50.0
      },
      {
        "author": "Steve Vega",
        "total_internal_collab_weight": 50.0
      },
      {
        "author": "Q. Vuong",
        "total_internal_collab_weight": 50.0
      },
      {
        "author": "Sichun Xu",
        "total_internal_collab_weight": 50.0
      },
      {
        "author": "Brianna Zitkovich",
        "total_internal_collab_weight": 50.0
      },
      {
        "author": "Anthony Francis",
        "total_internal_collab_weight": 50.0
      },
      {
        "author": "Claudia Pérez-D'Arpino",
        "total_internal_collab_weight": 50.0
      },
      {
        "author": "Chengshu Li",
        "total_internal_collab_weight": 50.0
      },
      {
        "author": "Alexandre Alahi",
        "total_internal_collab_weight": 50.0
      },
      {
        "author": "R. Alami",
        "total_internal_collab_weight": 50.0
      },
      {
        "author": "Aniket Bera",
        "total_internal_collab_weight": 50.0
      },
      {
        "author": "Abhijat Biswas",
        "total_internal_collab_weight": 50.0
      },
      {
        "author": "Joydeep Biswas",
        "total_internal_collab_weight": 50.0
      }
    ],
    "26": [
      {
        "author": "Xin Wang",
        "total_internal_collab_weight": 109.0
      },
      {
        "author": "S. Khurshid",
        "total_internal_collab_weight": 106.0
      },
      {
        "author": "S. Lubitz",
        "total_internal_collab_weight": 106.0
      },
      {
        "author": "Pulkit Singh",
        "total_internal_collab_weight": 94.0
      },
      {
        "author": "C. Reeder",
        "total_internal_collab_weight": 94.0
      },
      {
        "author": "Emily S. Lau",
        "total_internal_collab_weight": 94.0
      },
      {
        "author": "P. Ellinor",
        "total_internal_collab_weight": 94.0
      },
      {
        "author": "P. Batra",
        "total_internal_collab_weight": 94.0
      },
      {
        "author": "Jennifer E. Ho",
        "total_internal_collab_weight": 85.0
      },
      {
        "author": "A. Philippakis",
        "total_internal_collab_weight": 71.0
      },
      {
        "author": "Jeffrey M. Ashburner",
        "total_internal_collab_weight": 68.0
      },
      {
        "author": "Jonathan W. Cunningham",
        "total_internal_collab_weight": 57.0
      },
      {
        "author": "Lia X. Harrington",
        "total_internal_collab_weight": 56.0
      },
      {
        "author": "Gopal Sarma",
        "total_internal_collab_weight": 56.0
      },
      {
        "author": "Ashby C Turner",
        "total_internal_collab_weight": 56.0
      },
      {
        "author": "Julian S. Haimovich",
        "total_internal_collab_weight": 56.0
      },
      {
        "author": "M. Al-Alusi",
        "total_internal_collab_weight": 56.0
      },
      {
        "author": "M. Klarqvist",
        "total_internal_collab_weight": 56.0
      },
      {
        "author": "Christian Diedrich",
        "total_internal_collab_weight": 56.0
      },
      {
        "author": "M. Ghadessi",
        "total_internal_collab_weight": 56.0
      },
      {
        "author": "Hanna M. Eilken",
        "total_internal_collab_weight": 56.0
      },
      {
        "author": "Andrea Derix",
        "total_internal_collab_weight": 56.0
      },
      {
        "author": "Christopher D. Anderson",
        "total_internal_collab_weight": 40.0
      },
      {
        "author": "S. Atlas",
        "total_internal_collab_weight": 40.0
      },
      {
        "author": "J. Cunningham",
        "total_internal_collab_weight": 39.0
      },
      {
        "author": "A. Desai",
        "total_internal_collab_weight": 39.0
      },
      {
        "author": "T. Cai",
        "total_internal_collab_weight": 35.0
      },
      {
        "author": "K. Liao",
        "total_internal_collab_weight": 31.0
      },
      {
        "author": "B. Claggett",
        "total_internal_collab_weight": 29.0
      },
      {
        "author": "Pablo M Marti-Castellote",
        "total_internal_collab_weight": 29.0
      },
      {
        "author": "M. Maddah",
        "total_internal_collab_weight": 29.0
      },
      {
        "author": "O. Vardeny",
        "total_internal_collab_weight": 29.0
      },
      {
        "author": "Scott D. Solomon",
        "total_internal_collab_weight": 29.0
      },
      {
        "author": "Sam F Friedman",
        "total_internal_collab_weight": 28.0
      },
      {
        "author": "P. Di Achille",
        "total_internal_collab_weight": 28.0
      },
      {
        "author": "Nathaniel Diamant",
        "total_internal_collab_weight": 28.0
      },
      {
        "author": "Johanna Mielke",
        "total_internal_collab_weight": 28.0
      },
      {
        "author": "Alice McElhinney",
        "total_internal_collab_weight": 28.0
      },
      {
        "author": "Steven J Atlas",
        "total_internal_collab_weight": 28.0
      },
      {
        "author": "S. Friedman",
        "total_internal_collab_weight": 28.0
      },
      {
        "author": "P. Achille",
        "total_internal_collab_weight": 28.0
      },
      {
        "author": "N. Diamant",
        "total_internal_collab_weight": 28.0
      },
      {
        "author": "J. Mielke",
        "total_internal_collab_weight": 28.0
      },
      {
        "author": "A. McElhinney",
        "total_internal_collab_weight": 28.0
      },
      {
        "author": "C. Anderson",
        "total_internal_collab_weight": 28.0
      },
      {
        "author": "A. Rawat",
        "total_internal_collab_weight": 26.0
      },
      {
        "author": "Surinder Kumar",
        "total_internal_collab_weight": 24.0
      },
      {
        "author": "Kumar P Dahal",
        "total_internal_collab_weight": 21.0
      },
      {
        "author": "C. Hong",
        "total_internal_collab_weight": 18.0
      },
      {
        "author": "Daliang Li",
        "total_internal_collab_weight": 17.0
      },
      {
        "author": "Felix X. Yu",
        "total_internal_collab_weight": 17.0
      },
      {
        "author": "Zong-xiao Li",
        "total_internal_collab_weight": 17.0
      },
      {
        "author": "Wenwu Zhu",
        "total_internal_collab_weight": 14.0
      },
      {
        "author": "M. Zaheer",
        "total_internal_collab_weight": 14.0
      },
      {
        "author": "Michal Lukasik",
        "total_internal_collab_weight": 14.0
      },
      {
        "author": "Yuchiao Chang",
        "total_internal_collab_weight": 12.0
      },
      {
        "author": "Dana Weisenfeld",
        "total_internal_collab_weight": 12.0
      },
      {
        "author": "K. Wagholikar",
        "total_internal_collab_weight": 12.0
      },
      {
        "author": "Daniel E. Singer",
        "total_internal_collab_weight": 12.0
      },
      {
        "author": "Srinadh Bhojanapalli",
        "total_internal_collab_weight": 12.0
      }
    ],
    "28": [
      {
        "author": "I. Sutskever",
        "total_internal_collab_weight": 97.0
      },
      {
        "author": "Alec Radford",
        "total_internal_collab_weight": 88.0
      },
      {
        "author": "Gretchen Krueger",
        "total_internal_collab_weight": 86.0
      },
      {
        "author": "Girish Sastry",
        "total_internal_collab_weight": 86.0
      },
      {
        "author": "Jan Leike",
        "total_internal_collab_weight": 83.0
      },
      {
        "author": "Pamela Mishkin",
        "total_internal_collab_weight": 81.0
      },
      {
        "author": "Scott Gray",
        "total_internal_collab_weight": 74.0
      },
      {
        "author": "Sam McCandlish",
        "total_internal_collab_weight": 73.0
      },
      {
        "author": "Clemens Winter",
        "total_internal_collab_weight": 72.0
      },
      {
        "author": "Alex Ray",
        "total_internal_collab_weight": 71.0
      },
      {
        "author": "Ariel Herbert-Voss",
        "total_internal_collab_weight": 71.0
      },
      {
        "author": "P. Welinder",
        "total_internal_collab_weight": 70.0
      },
      {
        "author": "Mark Chen",
        "total_internal_collab_weight": 69.0
      },
      {
        "author": "Nick Ryder",
        "total_internal_collab_weight": 69.0
      },
      {
        "author": "Dario Amodei",
        "total_internal_collab_weight": 68.0
      },
      {
        "author": "Jared Kaplan",
        "total_internal_collab_weight": 60.0
      },
      {
        "author": "Lukasz Kaiser",
        "total_internal_collab_weight": 54.0
      },
      {
        "author": "Miles Brundage",
        "total_internal_collab_weight": 53.0
      },
      {
        "author": "Wojciech Zaremba",
        "total_internal_collab_weight": 53.0
      },
      {
        "author": "S. Balaji",
        "total_internal_collab_weight": 52.0
      },
      {
        "author": "Jerry Tworek",
        "total_internal_collab_weight": 51.0
      },
      {
        "author": "Heewoo Jun",
        "total_internal_collab_weight": 51.0
      },
      {
        "author": "Qiming Yuan",
        "total_internal_collab_weight": 51.0
      },
      {
        "author": "Henrique Pondé",
        "total_internal_collab_weight": 51.0
      },
      {
        "author": "Harrison Edwards",
        "total_internal_collab_weight": 51.0
      },
      {
        "author": "Yura Burda",
        "total_internal_collab_weight": 51.0
      },
      {
        "author": "Nicholas Joseph",
        "total_internal_collab_weight": 51.0
      },
      {
        "author": "Greg Brockman",
        "total_internal_collab_weight": 51.0
      },
      {
        "author": "Raul Puri",
        "total_internal_collab_weight": 51.0
      },
      {
        "author": "Michael Petrov",
        "total_internal_collab_weight": 51.0
      },
      {
        "author": "Heidy Khlaaf",
        "total_internal_collab_weight": 51.0
      },
      {
        "author": "Brooke Chan",
        "total_internal_collab_weight": 51.0
      },
      {
        "author": "Mikhail Pavlov",
        "total_internal_collab_weight": 51.0
      },
      {
        "author": "Alethea Power",
        "total_internal_collab_weight": 51.0
      },
      {
        "author": "Mo Bavarian",
        "total_internal_collab_weight": 51.0
      },
      {
        "author": "Phil Tillet",
        "total_internal_collab_weight": 51.0
      },
      {
        "author": "F. Such",
        "total_internal_collab_weight": 51.0
      },
      {
        "author": "D. Cummings",
        "total_internal_collab_weight": 51.0
      },
      {
        "author": "Matthias Plappert",
        "total_internal_collab_weight": 51.0
      },
      {
        "author": "Fotios Chantzis",
        "total_internal_collab_weight": 51.0
      },
      {
        "author": "Elizabeth Barnes",
        "total_internal_collab_weight": 51.0
      },
      {
        "author": "William H. Guss",
        "total_internal_collab_weight": 51.0
      },
      {
        "author": "Alex Nichol",
        "total_internal_collab_weight": 51.0
      },
      {
        "author": "Igor Babuschkin",
        "total_internal_collab_weight": 51.0
      },
      {
        "author": "Shantanu Jain",
        "total_internal_collab_weight": 51.0
      },
      {
        "author": "A. Carr",
        "total_internal_collab_weight": 51.0
      },
      {
        "author": "Josh Achiam",
        "total_internal_collab_weight": 51.0
      },
      {
        "author": "Evan Morikawa",
        "total_internal_collab_weight": 51.0
      },
      {
        "author": "M. Knight",
        "total_internal_collab_weight": 51.0
      },
      {
        "author": "Mira Murati",
        "total_internal_collab_weight": 51.0
      },
      {
        "author": "Katie Mayer",
        "total_internal_collab_weight": 51.0
      },
      {
        "author": "Bob McGrew",
        "total_internal_collab_weight": 51.0
      },
      {
        "author": "Amanda Askell",
        "total_internal_collab_weight": 45.0
      },
      {
        "author": "Sandhini Agarwal",
        "total_internal_collab_weight": 41.0
      },
      {
        "author": "Jeff Wu",
        "total_internal_collab_weight": 35.0
      },
      {
        "author": "Jack Clark",
        "total_internal_collab_weight": 20.0
      },
      {
        "author": "Long Ouyang",
        "total_internal_collab_weight": 19.0
      },
      {
        "author": "Xu Jiang",
        "total_internal_collab_weight": 19.0
      },
      {
        "author": "Diogo Almeida",
        "total_internal_collab_weight": 19.0
      },
      {
        "author": "Carroll L. Wainwright",
        "total_internal_collab_weight": 19.0
      }
    ]
  }
}