{
  "window": "2019_2021",
  "top5_authors_per_cluster": {
    "33": [
      {
        "author": "Ariel Goldstein",
        "total_internal_collab_weight": 107.0
      },
      {
        "author": "Samuel A. Nastase",
        "total_internal_collab_weight": 107.0
      },
      {
        "author": "Bobbi Aubrey",
        "total_internal_collab_weight": 104.0
      },
      {
        "author": "Zaid Zada",
        "total_internal_collab_weight": 104.0
      },
      {
        "author": "H. Gazula",
        "total_internal_collab_weight": 104.0
      }
    ],
    "37": [
      {
        "author": "S. Khurshid",
        "total_internal_collab_weight": 80.0
      },
      {
        "author": "S. Lubitz",
        "total_internal_collab_weight": 75.0
      },
      {
        "author": "Xin Wang",
        "total_internal_collab_weight": 72.0
      },
      {
        "author": "Pulkit Singh",
        "total_internal_collab_weight": 71.0
      },
      {
        "author": "C. Reeder",
        "total_internal_collab_weight": 71.0
      }
    ],
    "71": [
      {
        "author": "R. Sifa",
        "total_internal_collab_weight": 41.0
      },
      {
        "author": "Rajkumar Ramamurthy",
        "total_internal_collab_weight": 39.0
      },
      {
        "author": "C. Bauckhage",
        "total_internal_collab_weight": 39.0
      },
      {
        "author": "L. Hillebrand",
        "total_internal_collab_weight": 35.0
      },
      {
        "author": "Anna Ladi",
        "total_internal_collab_weight": 35.0
      }
    ],
    "12": [
      {
        "author": "Genta Indra Winata",
        "total_internal_collab_weight": 175.0
      },
      {
        "author": "Samuel Cahyawijaya",
        "total_internal_collab_weight": 173.0
      },
      {
        "author": "Bryan Wilie",
        "total_internal_collab_weight": 158.0
      },
      {
        "author": "Sebastian Ruder",
        "total_internal_collab_weight": 148.0
      },
      {
        "author": "Jinho D. Choi",
        "total_internal_collab_weight": 139.0
      }
    ],
    "14": [
      {
        "author": "Yacine Jernite",
        "total_internal_collab_weight": 153.0
      },
      {
        "author": "Alexander M. Rush",
        "total_internal_collab_weight": 112.0
      },
      {
        "author": "Victor Sanh",
        "total_internal_collab_weight": 107.0
      },
      {
        "author": "Thomas Wolf",
        "total_internal_collab_weight": 102.0
      },
      {
        "author": "Salomey Osei",
        "total_internal_collab_weight": 90.0
      }
    ],
    "16": [
      {
        "author": "N. Nguyen",
        "total_internal_collab_weight": 119.0
      },
      {
        "author": "Wei Yu",
        "total_internal_collab_weight": 103.0
      },
      {
        "author": "Bo Wang",
        "total_internal_collab_weight": 80.0
      },
      {
        "author": "Xin Sun",
        "total_internal_collab_weight": 78.0
      },
      {
        "author": "Qing Zhang",
        "total_internal_collab_weight": 75.0
      }
    ],
    "55": [
      {
        "author": "Eftim Zdravevski",
        "total_internal_collab_weight": 28.0
      },
      {
        "author": "L. Marcos-Zambrano",
        "total_internal_collab_weight": 28.0
      },
      {
        "author": "Kanita Karaduzovic-Hadziabdic",
        "total_internal_collab_weight": 28.0
      },
      {
        "author": "Tatjana Loncar Turukalo",
        "total_internal_collab_weight": 28.0
      },
      {
        "author": "Piotr Przymus",
        "total_internal_collab_weight": 28.0
      }
    ],
    "24": [
      {
        "author": "Alec Radford",
        "total_internal_collab_weight": 124.0
      },
      {
        "author": "Scott Gray",
        "total_internal_collab_weight": 117.0
      },
      {
        "author": "Gretchen Krueger",
        "total_internal_collab_weight": 116.0
      },
      {
        "author": "Girish Sastry",
        "total_internal_collab_weight": 116.0
      },
      {
        "author": "Sam McCandlish",
        "total_internal_collab_weight": 116.0
      }
    ],
    "28": [
      {
        "author": "Jonathan Allen Dr",
        "total_internal_collab_weight": 78.0
      },
      {
        "author": "Allen",
        "total_internal_collab_weight": 78.0
      },
      {
        "author": "Dr Perrault",
        "total_internal_collab_weight": 78.0
      },
      {
        "author": "Vladimlr D Arakin",
        "total_internal_collab_weight": 78.0
      },
      {
        "author": "Nikolaj A Baskakov",
        "total_internal_collab_weight": 78.0
      }
    ],
    "29": [
      {
        "author": "M. Bainbridge",
        "total_internal_collab_weight": 68.0
      },
      {
        "author": "S. White",
        "total_internal_collab_weight": 64.0
      },
      {
        "author": "J. Ryu",
        "total_internal_collab_weight": 63.0
      },
      {
        "author": "E. Sanford",
        "total_internal_collab_weight": 62.0
      },
      {
        "author": "S. Kingsmore",
        "total_internal_collab_weight": 62.0
      }
    ]
  }
}