{
  "window": "2018_2020",
  "top5_authors_per_cluster": {
    "33": [
      {
        "author": "Alexander M. Rush",
        "total_internal_collab_weight": 101.0
      },
      {
        "author": "Victor Sanh",
        "total_internal_collab_weight": 84.0
      },
      {
        "author": "Thomas Wolf",
        "total_internal_collab_weight": 81.0
      },
      {
        "author": "Yacine Jernite",
        "total_internal_collab_weight": 67.0
      },
      {
        "author": "Canwen Xu",
        "total_internal_collab_weight": 67.0
      }
    ],
    "34": [
      {
        "author": "U. Hahn",
        "total_internal_collab_weight": 45.0
      },
      {
        "author": "S. Decker",
        "total_internal_collab_weight": 42.0
      },
      {
        "author": "P. Daumke",
        "total_internal_collab_weight": 37.0
      },
      {
        "author": "A. Winter",
        "total_internal_collab_weight": 37.0
      },
      {
        "author": "S. Stäubert",
        "total_internal_collab_weight": 37.0
      }
    ],
    "44": [
      {
        "author": "Ariel Goldstein",
        "total_internal_collab_weight": 107.0
      },
      {
        "author": "Samuel A. Nastase",
        "total_internal_collab_weight": 107.0
      },
      {
        "author": "Bobbi Aubrey",
        "total_internal_collab_weight": 104.0
      },
      {
        "author": "Zaid Zada",
        "total_internal_collab_weight": 104.0
      },
      {
        "author": "H. Gazula",
        "total_internal_collab_weight": 104.0
      }
    ],
    "47": [
      {
        "author": "Alec Radford",
        "total_internal_collab_weight": 79.0
      },
      {
        "author": "Scott Gray",
        "total_internal_collab_weight": 74.0
      },
      {
        "author": "Sam McCandlish",
        "total_internal_collab_weight": 74.0
      },
      {
        "author": "R. Child",
        "total_internal_collab_weight": 70.0
      },
      {
        "author": "Ariel Herbert-Voss",
        "total_internal_collab_weight": 70.0
      }
    ],
    "16": [
      {
        "author": "N. Nguyen",
        "total_internal_collab_weight": 110.0
      },
      {
        "author": "Wei Yu",
        "total_internal_collab_weight": 101.0
      },
      {
        "author": "Bo Wang",
        "total_internal_collab_weight": 80.0
      },
      {
        "author": "Gen Li",
        "total_internal_collab_weight": 74.0
      },
      {
        "author": "Jing Li",
        "total_internal_collab_weight": 73.0
      }
    ],
    "80": [
      {
        "author": "R. Sifa",
        "total_internal_collab_weight": 41.0
      },
      {
        "author": "Rajkumar Ramamurthy",
        "total_internal_collab_weight": 39.0
      },
      {
        "author": "C. Bauckhage",
        "total_internal_collab_weight": 39.0
      },
      {
        "author": "L. Hillebrand",
        "total_internal_collab_weight": 35.0
      },
      {
        "author": "Anna Ladi",
        "total_internal_collab_weight": 35.0
      }
    ],
    "54": [
      {
        "author": "Parthasarathy Suryanarayanan",
        "total_internal_collab_weight": 32.0
      },
      {
        "author": "Ching-Huei Tsou",
        "total_internal_collab_weight": 32.0
      },
      {
        "author": "Ananya Poddar",
        "total_internal_collab_weight": 32.0
      },
      {
        "author": "Diwakar Mahajan",
        "total_internal_collab_weight": 32.0
      },
      {
        "author": "Bharath Dandala",
        "total_internal_collab_weight": 27.0
      }
    ],
    "22": [
      {
        "author": "Xuezhi Wang",
        "total_internal_collab_weight": 50.0
      },
      {
        "author": "Martin G. Seneviratne",
        "total_internal_collab_weight": 50.0
      },
      {
        "author": "R. Raman",
        "total_internal_collab_weight": 48.0
      },
      {
        "author": "D. Moldovan",
        "total_internal_collab_weight": 44.0
      },
      {
        "author": "Jacob Eisenstein",
        "total_internal_collab_weight": 44.0
      }
    ],
    "26": [
      {
        "author": "Jonathan Allen Dr",
        "total_internal_collab_weight": 78.0
      },
      {
        "author": "Allen",
        "total_internal_collab_weight": 78.0
      },
      {
        "author": "Dr Perrault",
        "total_internal_collab_weight": 78.0
      },
      {
        "author": "Vladimlr D Arakin",
        "total_internal_collab_weight": 78.0
      },
      {
        "author": "Nikolaj A Baskakov",
        "total_internal_collab_weight": 78.0
      }
    ],
    "28": [
      {
        "author": "M. Bainbridge",
        "total_internal_collab_weight": 68.0
      },
      {
        "author": "S. White",
        "total_internal_collab_weight": 64.0
      },
      {
        "author": "E. Sanford",
        "total_internal_collab_weight": 62.0
      },
      {
        "author": "S. Kingsmore",
        "total_internal_collab_weight": 62.0
      },
      {
        "author": "J. Ryu",
        "total_internal_collab_weight": 61.0
      }
    ]
  }
}