{
  "window": "2021_2023",
  "top5_authors_per_cluster": {
    "36": [
      {
        "author": "L. Chambless",
        "total_internal_collab_weight": 39.0
      },
      {
        "author": "Douglas B. Johnson",
        "total_internal_collab_weight": 33.0
      },
      {
        "author": "Rachel S Goodman",
        "total_internal_collab_weight": 33.0
      },
      {
        "author": "J. Patrinely",
        "total_internal_collab_weight": 33.0
      },
      {
        "author": "Cosby A Stone",
        "total_internal_collab_weight": 33.0
      }
    ],
    "58": [
      {
        "author": "P. Azunre",
        "total_internal_collab_weight": 25.0
      },
      {
        "author": "S. Addo",
        "total_internal_collab_weight": 25.0
      },
      {
        "author": "Lawrence Asamoah Adu-Gyamfi",
        "total_internal_collab_weight": 25.0
      },
      {
        "author": "Stephen E. Moore",
        "total_internal_collab_weight": 25.0
      },
      {
        "author": "Bernard Adabankah",
        "total_internal_collab_weight": 25.0
      }
    ],
    "6": [
      {
        "author": "Yacine Jernite",
        "total_internal_collab_weight": 494.0
      },
      {
        "author": "Thomas Wolf",
        "total_internal_collab_weight": 482.0
      },
      {
        "author": "Alexander M. Rush",
        "total_internal_collab_weight": 471.0
      },
      {
        "author": "Victor Sanh",
        "total_internal_collab_weight": 471.0
      },
      {
        "author": "Albert Villanova del Moral",
        "total_internal_collab_weight": 463.0
      }
    ],
    "69": [
      {
        "author": "Heladia Salgado",
        "total_internal_collab_weight": 29.0
      },
      {
        "author": "S. Gama-Castro",
        "total_internal_collab_weight": 29.0
      },
      {
        "author": "Laura Gómez-Romero",
        "total_internal_collab_weight": 29.0
      },
      {
        "author": "Pablo Peña-Loredo",
        "total_internal_collab_weight": 29.0
      },
      {
        "author": "J. García-Sotelo",
        "total_internal_collab_weight": 29.0
      }
    ],
    "8": [
      {
        "author": "Sebastian Ruder",
        "total_internal_collab_weight": 186.0
      },
      {
        "author": "Bryan Wilie",
        "total_internal_collab_weight": 184.0
      },
      {
        "author": "Kaustubh D. Dhole",
        "total_internal_collab_weight": 156.0
      },
      {
        "author": "Yue Zhang",
        "total_internal_collab_weight": 152.0
      },
      {
        "author": "Jinho D. Choi",
        "total_internal_collab_weight": 127.0
      }
    ],
    "9": [
      {
        "author": "Nan Du",
        "total_internal_collab_weight": 248.0
      },
      {
        "author": "Yi Tay",
        "total_internal_collab_weight": 247.0
      },
      {
        "author": "Andrew M. Dai",
        "total_internal_collab_weight": 238.0
      },
      {
        "author": "Orhan Firat",
        "total_internal_collab_weight": 227.0
      },
      {
        "author": "Denny Zhou",
        "total_internal_collab_weight": 221.0
      }
    ],
    "14": [
      {
        "author": "Tianming Liu",
        "total_internal_collab_weight": 212.0
      },
      {
        "author": "Zihao Wu",
        "total_internal_collab_weight": 196.0
      },
      {
        "author": "Xiang Li",
        "total_internal_collab_weight": 191.0
      },
      {
        "author": "Haixing Dai",
        "total_internal_collab_weight": 171.0
      },
      {
        "author": "Dinggang Shen",
        "total_internal_collab_weight": 156.0
      }
    ],
    "17": [
      {
        "author": "Peng Xu",
        "total_internal_collab_weight": 109.0
      },
      {
        "author": "Ted Xiao",
        "total_internal_collab_weight": 92.0
      },
      {
        "author": "Karol Hausman",
        "total_internal_collab_weight": 85.0
      },
      {
        "author": "Brian Ichter",
        "total_internal_collab_weight": 85.0
      },
      {
        "author": "F. Xia",
        "total_internal_collab_weight": 85.0
      }
    ],
    "26": [
      {
        "author": "Xin Wang",
        "total_internal_collab_weight": 109.0
      },
      {
        "author": "S. Khurshid",
        "total_internal_collab_weight": 106.0
      },
      {
        "author": "S. Lubitz",
        "total_internal_collab_weight": 106.0
      },
      {
        "author": "Pulkit Singh",
        "total_internal_collab_weight": 94.0
      },
      {
        "author": "C. Reeder",
        "total_internal_collab_weight": 94.0
      }
    ],
    "28": [
      {
        "author": "I. Sutskever",
        "total_internal_collab_weight": 97.0
      },
      {
        "author": "Alec Radford",
        "total_internal_collab_weight": 88.0
      },
      {
        "author": "Gretchen Krueger",
        "total_internal_collab_weight": 86.0
      },
      {
        "author": "Girish Sastry",
        "total_internal_collab_weight": 86.0
      },
      {
        "author": "Jan Leike",
        "total_internal_collab_weight": 83.0
      }
    ]
  }
}