{
  "window": "2022_2024",
  "top5_authors_per_cluster": {
    "0": [
      {
        "author": "Tianming Liu",
        "total_internal_collab_weight": 348.0
      },
      {
        "author": "Xiang Li",
        "total_internal_collab_weight": 276.0
      },
      {
        "author": "Lichao Sun",
        "total_internal_collab_weight": 273.0
      },
      {
        "author": "Zheng Liu",
        "total_internal_collab_weight": 273.0
      },
      {
        "author": "Zihao Wu",
        "total_internal_collab_weight": 254.0
      }
    ],
    "33": [
      {
        "author": "J. V. D. van der Hooft",
        "total_internal_collab_weight": 56.0
      },
      {
        "author": "A. K. Pakkir Shah",
        "total_internal_collab_weight": 56.0
      },
      {
        "author": "Axel Walter",
        "total_internal_collab_weight": 56.0
      },
      {
        "author": "Filip Ottosson",
        "total_internal_collab_weight": 56.0
      },
      {
        "author": "Francesco Russo",
        "total_internal_collab_weight": 56.0
      }
    ],
    "34": [
      {
        "author": "Rong Zhang",
        "total_internal_collab_weight": 42.0
      },
      {
        "author": "I. Gurung",
        "total_internal_collab_weight": 34.0
      },
      {
        "author": "M. Maskey",
        "total_internal_collab_weight": 34.0
      },
      {
        "author": "Sergi Blanco-Cuaresma",
        "total_internal_collab_weight": 34.0
      },
      {
        "author": "A. Accomazzi",
        "total_internal_collab_weight": 34.0
      }
    ],
    "66": [
      {
        "author": "Heladia Salgado",
        "total_internal_collab_weight": 29.0
      },
      {
        "author": "S. Gama-Castro",
        "total_internal_collab_weight": 29.0
      },
      {
        "author": "Laura Gómez-Romero",
        "total_internal_collab_weight": 29.0
      },
      {
        "author": "Pablo Peña-Loredo",
        "total_internal_collab_weight": 29.0
      },
      {
        "author": "J. García-Sotelo",
        "total_internal_collab_weight": 29.0
      }
    ],
    "8": [
      {
        "author": "Yacine Jernite",
        "total_internal_collab_weight": 460.0
      },
      {
        "author": "Samuel Cahyawijaya",
        "total_internal_collab_weight": 457.0
      },
      {
        "author": "Jenny Chim",
        "total_internal_collab_weight": 448.0
      },
      {
        "author": "Thomas Wolf",
        "total_internal_collab_weight": 447.0
      },
      {
        "author": "Albert Villanova del Moral",
        "total_internal_collab_weight": 446.0
      }
    ],
    "41": [
      {
        "author": "L. Chambless",
        "total_internal_collab_weight": 39.0
      },
      {
        "author": "Douglas B. Johnson",
        "total_internal_collab_weight": 33.0
      },
      {
        "author": "Rachel S Goodman",
        "total_internal_collab_weight": 33.0
      },
      {
        "author": "J. Patrinely",
        "total_internal_collab_weight": 33.0
      },
      {
        "author": "Cosby A Stone",
        "total_internal_collab_weight": 33.0
      }
    ],
    "14": [
      {
        "author": "Nan Du",
        "total_internal_collab_weight": 247.0
      },
      {
        "author": "Andrew M. Dai",
        "total_internal_collab_weight": 233.0
      },
      {
        "author": "Pengcheng Yin",
        "total_internal_collab_weight": 224.0
      },
      {
        "author": "Denny Zhou",
        "total_internal_collab_weight": 222.0
      },
      {
        "author": "Orhan Firat",
        "total_internal_collab_weight": 220.0
      }
    ],
    "21": [
      {
        "author": "Peng Xu",
        "total_internal_collab_weight": 106.0
      },
      {
        "author": "Ted Xiao",
        "total_internal_collab_weight": 91.0
      },
      {
        "author": "Karol Hausman",
        "total_internal_collab_weight": 85.0
      },
      {
        "author": "Brian Ichter",
        "total_internal_collab_weight": 85.0
      },
      {
        "author": "F. Xia",
        "total_internal_collab_weight": 85.0
      }
    ],
    "29": [
      {
        "author": "Ariel Goldstein",
        "total_internal_collab_weight": 139.0
      },
      {
        "author": "Samuel A. Nastase",
        "total_internal_collab_weight": 139.0
      },
      {
        "author": "A. Hassidim",
        "total_internal_collab_weight": 133.0
      },
      {
        "author": "Zaid Zada",
        "total_internal_collab_weight": 131.0
      },
      {
        "author": "Bobbi Aubrey",
        "total_internal_collab_weight": 131.0
      }
    ],
    "30": [
      {
        "author": "R. Yaeger",
        "total_internal_collab_weight": 111.0
      },
      {
        "author": "Justin Jee",
        "total_internal_collab_weight": 95.0
      },
      {
        "author": "Christopher J. Fong",
        "total_internal_collab_weight": 95.0
      },
      {
        "author": "K. Pichotta",
        "total_internal_collab_weight": 95.0
      },
      {
        "author": "T. Tran",
        "total_internal_collab_weight": 95.0
      }
    ]
  }
}