{
  "window": "2016_2018",
  "top5_authors_per_cluster": {
    "34": [
      {
        "author": "Heladia Salgado",
        "total_internal_collab_weight": 24.0
      },
      {
        "author": "S. Gama-Castro",
        "total_internal_collab_weight": 24.0
      },
      {
        "author": "Laura Gómez-Romero",
        "total_internal_collab_weight": 24.0
      },
      {
        "author": "Pablo Peña-Loredo",
        "total_internal_collab_weight": 24.0
      },
      {
        "author": "J. García-Sotelo",
        "total_internal_collab_weight": 24.0
      }
    ],
    "36": [
      {
        "author": "Samuel K. Cho",
        "total_internal_collab_weight": 22.0
      },
      {
        "author": "J. Zech",
        "total_internal_collab_weight": 19.0
      },
      {
        "author": "J. Titano",
        "total_internal_collab_weight": 19.0
      },
      {
        "author": "A. Costa",
        "total_internal_collab_weight": 19.0
      },
      {
        "author": "E. Oermann",
        "total_internal_collab_weight": 19.0
      }
    ],
    "5": [
      {
        "author": "N. Fuhr",
        "total_internal_collab_weight": 51.0
      },
      {
        "author": "G. Grefenstette",
        "total_internal_collab_weight": 51.0
      },
      {
        "author": "Krister Lindén",
        "total_internal_collab_weight": 45.0
      },
      {
        "author": "Karin M. Verspoor",
        "total_internal_collab_weight": 42.0
      },
      {
        "author": "I. Soboroff",
        "total_internal_collab_weight": 40.0
      }
    ],
    "6": [
      {
        "author": "Hongfang Liu",
        "total_internal_collab_weight": 129.0
      },
      {
        "author": "Yanshan Wang",
        "total_internal_collab_weight": 68.0
      },
      {
        "author": "Liwei Wang",
        "total_internal_collab_weight": 67.0
      },
      {
        "author": "F. Shen",
        "total_internal_collab_weight": 60.0
      },
      {
        "author": "Sijia Liu",
        "total_internal_collab_weight": 54.0
      }
    ],
    "295": [
      {
        "author": "K. Keutzer",
        "total_internal_collab_weight": 22.0
      },
      {
        "author": "A. Gholami",
        "total_internal_collab_weight": 22.0
      },
      {
        "author": "Michael W. Mahoney",
        "total_internal_collab_weight": 21.0
      },
      {
        "author": "Z. Yao",
        "total_internal_collab_weight": 17.0
      },
      {
        "author": "Norman Mu",
        "total_internal_collab_weight": 4.0
      }
    ],
    "9": [
      {
        "author": "T. Cai",
        "total_internal_collab_weight": 42.0
      },
      {
        "author": "G. Weber",
        "total_internal_collab_weight": 32.0
      },
      {
        "author": "Ying Chen",
        "total_internal_collab_weight": 26.0
      },
      {
        "author": "S. Jung",
        "total_internal_collab_weight": 24.0
      },
      {
        "author": "Byung-Kwon Choi",
        "total_internal_collab_weight": 24.0
      }
    ],
    "14": [
      {
        "author": "D. Carrell",
        "total_internal_collab_weight": 46.0
      },
      {
        "author": "C. Langlotz",
        "total_internal_collab_weight": 43.0
      },
      {
        "author": "W. Tan",
        "total_internal_collab_weight": 41.0
      },
      {
        "author": "S. Hassanpour",
        "total_internal_collab_weight": 35.0
      },
      {
        "author": "P. Heagerty",
        "total_internal_collab_weight": 35.0
      }
    ],
    "16": [
      {
        "author": "P. Daumke",
        "total_internal_collab_weight": 37.0
      },
      {
        "author": "A. Winter",
        "total_internal_collab_weight": 37.0
      },
      {
        "author": "S. Stäubert",
        "total_internal_collab_weight": 37.0
      },
      {
        "author": "D. Ammon",
        "total_internal_collab_weight": 37.0
      },
      {
        "author": "Stephan Aiche",
        "total_internal_collab_weight": 37.0
      }
    ],
    "89": [
      {
        "author": "M. Afshar",
        "total_internal_collab_weight": 32.0
      },
      {
        "author": "Dmitriy Dligach",
        "total_internal_collab_weight": 31.0
      },
      {
        "author": "M. Churpek",
        "total_internal_collab_weight": 24.0
      },
      {
        "author": "C. Joyce",
        "total_internal_collab_weight": 22.0
      },
      {
        "author": "Ron Price",
        "total_internal_collab_weight": 16.0
      }
    ],
    "31": [
      {
        "author": "Z. Grinspan",
        "total_internal_collab_weight": 18.0
      },
      {
        "author": "T. Loddenkemper",
        "total_internal_collab_weight": 18.0
      },
      {
        "author": "T. Glauser",
        "total_internal_collab_weight": 17.0
      },
      {
        "author": "J. Mbwana",
        "total_internal_collab_weight": 17.0
      },
      {
        "author": "R. Bailey",
        "total_internal_collab_weight": 17.0
      }
    ]
  }
}