{
  "window": "2017_2019",
  "top5_authors_per_cluster": {
    "59": [
      {
        "author": "Heladia Salgado",
        "total_internal_collab_weight": 24.0
      },
      {
        "author": "S. Gama-Castro",
        "total_internal_collab_weight": 24.0
      },
      {
        "author": "Laura Gómez-Romero",
        "total_internal_collab_weight": 24.0
      },
      {
        "author": "Pablo Peña-Loredo",
        "total_internal_collab_weight": 24.0
      },
      {
        "author": "J. García-Sotelo",
        "total_internal_collab_weight": 24.0
      }
    ],
    "42": [
      {
        "author": "R. Sifa",
        "total_internal_collab_weight": 41.0
      },
      {
        "author": "Rajkumar Ramamurthy",
        "total_internal_collab_weight": 39.0
      },
      {
        "author": "C. Bauckhage",
        "total_internal_collab_weight": 39.0
      },
      {
        "author": "L. Hillebrand",
        "total_internal_collab_weight": 35.0
      },
      {
        "author": "Anna Ladi",
        "total_internal_collab_weight": 35.0
      }
    ],
    "11": [
      {
        "author": "Wei Yu",
        "total_internal_collab_weight": 101.0
      },
      {
        "author": "N. Nguyen",
        "total_internal_collab_weight": 100.0
      },
      {
        "author": "Bo Wang",
        "total_internal_collab_weight": 79.0
      },
      {
        "author": "Huiying Liang",
        "total_internal_collab_weight": 70.0
      },
      {
        "author": "B. Tsui",
        "total_internal_collab_weight": 70.0
      }
    ],
    "45": [
      {
        "author": "Alec Radford",
        "total_internal_collab_weight": 45.0
      },
      {
        "author": "Jeff Wu",
        "total_internal_collab_weight": 34.0
      },
      {
        "author": "Dario Amodei",
        "total_internal_collab_weight": 32.0
      },
      {
        "author": "R. Child",
        "total_internal_collab_weight": 19.0
      },
      {
        "author": "I. Sutskever",
        "total_internal_collab_weight": 18.0
      }
    ],
    "14": [
      {
        "author": "T. Cai",
        "total_internal_collab_weight": 153.0
      },
      {
        "author": "K. Liao",
        "total_internal_collab_weight": 63.0
      },
      {
        "author": "I. Kohane",
        "total_internal_collab_weight": 59.0
      },
      {
        "author": "C. Hong",
        "total_internal_collab_weight": 57.0
      },
      {
        "author": "Sheng Yu",
        "total_internal_collab_weight": 56.0
      }
    ],
    "77": [
      {
        "author": "Mauro Gatti",
        "total_internal_collab_weight": 25.0
      },
      {
        "author": "R. Mené",
        "total_internal_collab_weight": 25.0
      },
      {
        "author": "D. Shiffer",
        "total_internal_collab_weight": 25.0
      },
      {
        "author": "Alessandro Giaj Levra",
        "total_internal_collab_weight": 25.0
      },
      {
        "author": "E. Brunetta",
        "total_internal_collab_weight": 25.0
      }
    ],
    "18": [
      {
        "author": "Jonathan Allen Dr",
        "total_internal_collab_weight": 78.0
      },
      {
        "author": "Allen",
        "total_internal_collab_weight": 78.0
      },
      {
        "author": "Dr Perrault",
        "total_internal_collab_weight": 78.0
      },
      {
        "author": "Vladimlr D Arakin",
        "total_internal_collab_weight": 78.0
      },
      {
        "author": "Nikolaj A Baskakov",
        "total_internal_collab_weight": 78.0
      }
    ],
    "20": [
      {
        "author": "Alexander M. Rush",
        "total_internal_collab_weight": 88.0
      },
      {
        "author": "Thomas Wolf",
        "total_internal_collab_weight": 79.0
      },
      {
        "author": "Victor Sanh",
        "total_internal_collab_weight": 74.0
      },
      {
        "author": "Yacine Jernite",
        "total_internal_collab_weight": 69.0
      },
      {
        "author": "Teven Le Scao",
        "total_internal_collab_weight": 65.0
      }
    ],
    "21": [
      {
        "author": "M. Bainbridge",
        "total_internal_collab_weight": 68.0
      },
      {
        "author": "S. White",
        "total_internal_collab_weight": 64.0
      },
      {
        "author": "E. Sanford",
        "total_internal_collab_weight": 62.0
      },
      {
        "author": "S. Kingsmore",
        "total_internal_collab_weight": 62.0
      },
      {
        "author": "Jeremy Gore",
        "total_internal_collab_weight": 60.0
      }
    ],
    "27": [
      {
        "author": "S. Decker",
        "total_internal_collab_weight": 42.0
      },
      {
        "author": "P. Daumke",
        "total_internal_collab_weight": 37.0
      },
      {
        "author": "A. Winter",
        "total_internal_collab_weight": 37.0
      },
      {
        "author": "S. Stäubert",
        "total_internal_collab_weight": 37.0
      },
      {
        "author": "D. Ammon",
        "total_internal_collab_weight": 37.0
      }
    ]
  }
}