{
  "window": "2015_2017",
  "top5_authors_per_cluster": {
    "0": [
      {
        "author": "Quoc V. Le",
        "total_internal_collab_weight": 62.0
      },
      {
        "author": "J. Dean",
        "total_internal_collab_weight": 48.0
      },
      {
        "author": "O. Vinyals",
        "total_internal_collab_weight": 44.0
      },
      {
        "author": "Yonghui Wu",
        "total_internal_collab_weight": 41.0
      },
      {
        "author": "Lukasz Kaiser",
        "total_internal_collab_weight": 39.0
      }
    ],
    "32": [
      {
        "author": "Armand Joulin",
        "total_internal_collab_weight": 14.0
      },
      {
        "author": "Edouard Grave",
        "total_internal_collab_weight": 11.0
      },
      {
        "author": "Piotr Bojanowski",
        "total_internal_collab_weight": 9.0
      },
      {
        "author": "Tomas Mikolov",
        "total_internal_collab_weight": 6.0
      }
    ],
    "4": [
      {
        "author": "R. Socher",
        "total_internal_collab_weight": 33.0
      },
      {
        "author": "Caiming Xiong",
        "total_internal_collab_weight": 21.0
      },
      {
        "author": "James Bradbury",
        "total_internal_collab_weight": 11.0
      },
      {
        "author": "Bryan McCann",
        "total_internal_collab_weight": 10.0
      },
      {
        "author": "Romain Paulus",
        "total_internal_collab_weight": 10.0
      }
    ],
    "7": [
      {
        "author": "Furu Wei",
        "total_internal_collab_weight": 15.0
      },
      {
        "author": "M. Zhou",
        "total_internal_collab_weight": 14.0
      },
      {
        "author": "Wenhui Wang",
        "total_internal_collab_weight": 8.0
      },
      {
        "author": "Nan Yang",
        "total_internal_collab_weight": 7.0
      },
      {
        "author": "Baobao Chang",
        "total_internal_collab_weight": 6.0
      }
    ],
    "8": [
      {
        "author": "Germán Kruszewski",
        "total_internal_collab_weight": 9.0
      },
      {
        "author": "Sandro Pezzelle",
        "total_internal_collab_weight": 9.0
      },
      {
        "author": "Marco Baroni",
        "total_internal_collab_weight": 9.0
      },
      {
        "author": "R. Fernández",
        "total_internal_collab_weight": 9.0
      },
      {
        "author": "Angeliki Lazaridou",
        "total_internal_collab_weight": 8.0
      }
    ],
    "9": [
      {
        "author": "Sharan Narang",
        "total_internal_collab_weight": 10.0
      },
      {
        "author": "Yanqi Zhou",
        "total_internal_collab_weight": 10.0
      },
      {
        "author": "Joel Hestness",
        "total_internal_collab_weight": 8.0
      },
      {
        "author": "Newsha Ardalani",
        "total_internal_collab_weight": 8.0
      },
      {
        "author": "G. Diamos",
        "total_internal_collab_weight": 8.0
      }
    ],
    "10": [
      {
        "author": "Jianfeng Gao",
        "total_internal_collab_weight": 29.0
      },
      {
        "author": "Xiaodong Liu",
        "total_internal_collab_weight": 23.0
      },
      {
        "author": "Xiaodong He",
        "total_internal_collab_weight": 13.0
      },
      {
        "author": "L. Deng",
        "total_internal_collab_weight": 11.0
      },
      {
        "author": "Kevin Duh",
        "total_internal_collab_weight": 10.0
      }
    ],
    "12": [
      {
        "author": "Luke Zettlemoyer",
        "total_internal_collab_weight": 16.0
      },
      {
        "author": "M. Lewis",
        "total_internal_collab_weight": 10.0
      },
      {
        "author": "Kenton Lee",
        "total_internal_collab_weight": 7.0
      },
      {
        "author": "Luheng He",
        "total_internal_collab_weight": 6.0
      },
      {
        "author": "Mandar Joshi",
        "total_internal_collab_weight": 4.0
      }
    ],
    "13": [
      {
        "author": "Ryan Kiros",
        "total_internal_collab_weight": 12.0
      },
      {
        "author": "Yukun Zhu",
        "total_internal_collab_weight": 12.0
      },
      {
        "author": "R. Salakhutdinov",
        "total_internal_collab_weight": 12.0
      },
      {
        "author": "R. Zemel",
        "total_internal_collab_weight": 12.0
      },
      {
        "author": "R. Urtasun",
        "total_internal_collab_weight": 12.0
      }
    ],
    "22": [
      {
        "author": "Nadir Durrani",
        "total_internal_collab_weight": 17.0
      },
      {
        "author": "Fahim Dalvi",
        "total_internal_collab_weight": 17.0
      },
      {
        "author": "Hassan Sajjad",
        "total_internal_collab_weight": 16.0
      },
      {
        "author": "Yonatan Belinkov",
        "total_internal_collab_weight": 14.0
      },
      {
        "author": "James R. Glass",
        "total_internal_collab_weight": 14.0
      }
    ]
  }
}