{
  "window": "2020_2022",
  "top5_authors_per_cluster": {
    "6": [
      {
        "author": "Yacine Jernite",
        "total_internal_collab_weight": 503.0
      },
      {
        "author": "Thomas Wolf",
        "total_internal_collab_weight": 491.0
      },
      {
        "author": "Alexander M. Rush",
        "total_internal_collab_weight": 468.0
      },
      {
        "author": "Victor Sanh",
        "total_internal_collab_weight": 468.0
      },
      {
        "author": "Albert Villanova del Moral",
        "total_internal_collab_weight": 463.0
      }
    ],
    "70": [
      {
        "author": "Heladia Salgado",
        "total_internal_collab_weight": 29.0
      },
      {
        "author": "S. Gama-Castro",
        "total_internal_collab_weight": 29.0
      },
      {
        "author": "Laura Gómez-Romero",
        "total_internal_collab_weight": 29.0
      },
      {
        "author": "Pablo Peña-Loredo",
        "total_internal_collab_weight": 29.0
      },
      {
        "author": "J. García-Sotelo",
        "total_internal_collab_weight": 29.0
      }
    ],
    "38": [
      {
        "author": "Eftim Zdravevski",
        "total_internal_collab_weight": 38.0
      },
      {
        "author": "L. Marcos-Zambrano",
        "total_internal_collab_weight": 28.0
      },
      {
        "author": "Kanita Karaduzovic-Hadziabdic",
        "total_internal_collab_weight": 28.0
      },
      {
        "author": "Tatjana Loncar Turukalo",
        "total_internal_collab_weight": 28.0
      },
      {
        "author": "Piotr Przymus",
        "total_internal_collab_weight": 28.0
      }
    ],
    "9": [
      {
        "author": "Bryan Wilie",
        "total_internal_collab_weight": 175.0
      },
      {
        "author": "Sebastian Ruder",
        "total_internal_collab_weight": 173.0
      },
      {
        "author": "Kaustubh D. Dhole",
        "total_internal_collab_weight": 155.0
      },
      {
        "author": "Yue Zhang",
        "total_internal_collab_weight": 153.0
      },
      {
        "author": "Jinho D. Choi",
        "total_internal_collab_weight": 130.0
      }
    ],
    "13": [
      {
        "author": "Xuezhi Wang",
        "total_internal_collab_weight": 149.0
      },
      {
        "author": "Nan Du",
        "total_internal_collab_weight": 146.0
      },
      {
        "author": "Andrew M. Dai",
        "total_internal_collab_weight": 136.0
      },
      {
        "author": "Yi Tay",
        "total_internal_collab_weight": 134.0
      },
      {
        "author": "Orhan Firat",
        "total_internal_collab_weight": 132.0
      }
    ],
    "45": [
      {
        "author": "Parthasarathy Suryanarayanan",
        "total_internal_collab_weight": 32.0
      },
      {
        "author": "Ching-Huei Tsou",
        "total_internal_collab_weight": 32.0
      },
      {
        "author": "Ananya Poddar",
        "total_internal_collab_weight": 32.0
      },
      {
        "author": "Diwakar Mahajan",
        "total_internal_collab_weight": 32.0
      },
      {
        "author": "Bharath Dandala",
        "total_internal_collab_weight": 25.0
      }
    ],
    "21": [
      {
        "author": "Ariel Goldstein",
        "total_internal_collab_weight": 116.0
      },
      {
        "author": "Samuel A. Nastase",
        "total_internal_collab_weight": 116.0
      },
      {
        "author": "Zaid Zada",
        "total_internal_collab_weight": 113.0
      },
      {
        "author": "Bobbi Aubrey",
        "total_internal_collab_weight": 113.0
      },
      {
        "author": "H. Gazula",
        "total_internal_collab_weight": 113.0
      }
    ],
    "22": [
      {
        "author": "Alec Radford",
        "total_internal_collab_weight": 117.0
      },
      {
        "author": "Scott Gray",
        "total_internal_collab_weight": 116.0
      },
      {
        "author": "Gretchen Krueger",
        "total_internal_collab_weight": 115.0
      },
      {
        "author": "Girish Sastry",
        "total_internal_collab_weight": 115.0
      },
      {
        "author": "Sam McCandlish",
        "total_internal_collab_weight": 115.0
      }
    ],
    "54": [
      {
        "author": "P. Azunre",
        "total_internal_collab_weight": 25.0
      },
      {
        "author": "S. Addo",
        "total_internal_collab_weight": 25.0
      },
      {
        "author": "Lawrence Asamoah Adu-Gyamfi",
        "total_internal_collab_weight": 25.0
      },
      {
        "author": "Stephen E. Moore",
        "total_internal_collab_weight": 25.0
      },
      {
        "author": "Bernard Adabankah",
        "total_internal_collab_weight": 25.0
      }
    ],
    "24": [
      {
        "author": "Xin Wang",
        "total_internal_collab_weight": 101.0
      },
      {
        "author": "S. Khurshid",
        "total_internal_collab_weight": 94.0
      },
      {
        "author": "S. Lubitz",
        "total_internal_collab_weight": 94.0
      },
      {
        "author": "Pulkit Singh",
        "total_internal_collab_weight": 81.0
      },
      {
        "author": "C. Reeder",
        "total_internal_collab_weight": 81.0
      }
    ]
  }
}